rank,player_name,nation,position,team,league,age,Unnamed: 7_level_0_Born,Playing Time_MP,Playing Time_Starts,Playing Time_Min,Playing Time_90s,goals,assists,Performance_G+A,Performance_G-PK,Performance_PK,Performance_PKatt,Performance_CrdY,Performance_CrdR,xg,Expected_npxG,Expected_xAG,Expected_npxG+xAG,Progression_PrgC,Progression_PrgP,Progression_PrgR,Per 90 Minutes_Gls,Per 90 Minutes_Ast,Per 90 Minutes_G+A,Per 90 Minutes_G-PK,Per 90 Minutes_G+A-PK,Per 90 Minutes_xG,Per 90 Minutes_xAG,Per 90 Minutes_xG+xAG,Per 90 Minutes_npxG,Per 90 Minutes_npxG+xAG,Unnamed: 37_level_0_Matches,name_key,value_eur,age_tm
8,Matthis Abline,fr FRA,"FW,MF",Nantes,fr Ligue 1,22-241,2003.0,13,10,978,10.9,2,2,4,2,0,1,2,0,3.0,2.2,1.1,3.3,38,25,63,0.18,0.18,0.37,0.18,0.37,0.27,0.1,0.37,0.2,0.3,Matches,matthis abline,22000000.0,22.0
23,Karim Adeyemi,de GER,"MF,FW",Dortmund,de Bundesliga,23-310,2002.0,11,7,517,5.7,3,1,4,3,0,0,2,0,2.3,2.3,1.6,3.9,19,15,56,0.52,0.17,0.7,0.52,0.7,0.4,0.27,0.67,0.4,0.67,Matches,karim adeyemi,60000000.0,23.0
24,Simon Adingra,ci CIV,"FW,MF",Sunderland,eng Premier League,23-327,2002.0,8,4,301,3.3,0,0,0,0,0,0,1,0,0.1,0.1,0.6,0.7,8,2,35,0.0,0.0,0.0,0.0,0.0,0.04,0.18,0.22,0.04,0.22,Matches,simon adingra,25000000.0,23.0
45,Rayan Aït-Nouri,dz ALG,DF,Manchester City,eng Premier League,24-171,2001.0,4,3,203,2.3,0,0,0,0,0,0,1,0,0.0,0.0,0.2,0.2,7,7,8,0.0,0.0,0.0,0.0,0.0,0.02,0.09,0.11,0.02,0.11,Matches,rayan aitnouri,40000000.0,24.0
54,Maghnes Akliouche,fr FRA,"MF,FW",Monaco,fr Ligue 1,23-272,2002.0,12,11,935,10.4,3,2,5,3,0,0,2,0,3.4,3.4,2.2,5.6,37,57,76,0.29,0.19,0.48,0.29,0.48,0.33,0.21,0.54,0.33,0.54,Matches,maghnes akliouche,45000000.0,23.0
64,Trent Alexander-Arnold,eng ENG,DF,Real Madrid,es La Liga,27-048,1998.0,6,3,249,2.8,0,0,0,0,0,0,0,0,0.1,0.1,0.7,0.7,5,8,16,0.0,0.0,0.0,0.0,0.0,0.02,0.25,0.27,0.02,0.27,Matches,trent alexanderarnold,75000000.0,27.0
69,Thiago Almada,ar ARG,"MF,FW",Atlético Madrid,es La Liga,24-212,2001.0,7,3,296,3.3,2,1,3,2,0,0,0,0,1.7,1.7,0.7,2.5,11,20,13,0.61,0.3,0.91,0.61,0.91,0.53,0.23,0.76,0.53,0.76,Matches,thiago almada,25000000.0,24.0
77,Julián Álvarez,ar ARG,FW,Atlético Madrid,es La Liga,25-297,2000.0,13,13,996,11.1,7,2,9,5,2,3,2,0,6.1,3.7,3.6,7.3,29,51,69,0.63,0.18,0.81,0.45,0.63,0.55,0.32,0.87,0.34,0.66,Matches,julian alvarez,100000000.0,25.0
87,Mohamed Amoura,dz ALG,FW,Wolfsburg,de Bundesliga,25-199,2000.0,11,8,714,7.9,4,1,5,3,1,1,2,0,3.6,2.9,1.9,4.8,21,11,54,0.5,0.13,0.63,0.38,0.5,0.46,0.25,0.7,0.36,0.61,Matches,mohamed amoura,32000000.0,25.0
90,Joachim Andersen,dk DEN,DF,Fulham,eng Premier League,29-177,1996.0,11,11,941,10.5,0,0,0,0,0,0,0,0,0.5,0.5,0.7,1.2,9,39,4,0.0,0.0,0.0,0.0,0.0,0.05,0.07,0.12,0.05,0.12,Matches,joachim andersen,27000000.0,29.0
91,Elliot Anderson,eng ENG,MF,Nott'ham Forest,eng Premier League,23-018,2002.0,12,12,1080,12.0,1,1,2,0,1,1,2,0,1.7,0.9,1.8,2.6,15,100,32,0.08,0.08,0.17,0.0,0.08,0.14,0.15,0.28,0.07,0.22,Matches,elliot anderson,45000000.0,23.0
92,André,br BRA,MF,Wolves,eng Premier League,24-131,2001.0,12,9,795,8.8,0,0,0,0,0,0,3,0,0.0,0.0,0.1,0.1,7,29,3,0.0,0.0,0.0,0.0,0.0,0.0,0.01,0.01,0.0,0.01,Matches,andre,28000000.0,24.0
104,Antony,br BRA,FW,Betis,es La Liga,25-273,2000.0,9,9,767,8.5,4,1,5,4,0,0,1,1,3.2,3.2,1.2,4.4,52,43,90,0.47,0.12,0.59,0.47,0.59,0.38,0.14,0.52,0.38,0.52,Matches,antony,30000000.0,25.0
108,Ronald Araújo,uy URU,DF,Barcelona,es La Liga,26-262,1999.0,11,7,649,7.2,2,0,2,2,0,0,2,0,0.4,0.4,0.0,0.4,11,29,4,0.28,0.0,0.28,0.28,0.28,0.05,0.0,0.06,0.05,0.06,Matches,ronald araujo,35000000.0,26.0
117,Tolu Arokodare,ng NGA,FW,Wolves,eng Premier League,25-001,2000.0,8,3,276,3.1,0,0,0,0,0,0,1,0,0.4,0.4,0.2,0.7,3,0,12,0.0,0.0,0.0,0.0,0.0,0.14,0.08,0.21,0.14,0.21,Matches,tolu arokodare,25000000.0,25.0
121,Raúl Asencio,es ESP,DF,Real Madrid,es La Liga,22-284,2003.0,8,4,496,5.5,0,0,0,0,0,0,1,0,0.4,0.4,0.1,0.5,5,23,4,0.0,0.0,0.0,0.0,0.0,0.08,0.02,0.1,0.08,0.1,Matches,raul asencio,30000000.0,22.0
135,Carlos Augusto,br BRA,DF,Inter,it Serie A,26-321,1999.0,11,5,473,5.3,0,1,1,0,0,0,1,0,0.5,0.5,0.3,0.8,10,21,28,0.0,0.19,0.19,0.0,0.19,0.1,0.05,0.15,0.1,0.15,Matches,carlos augusto,26000000.0,26.0
142,Yasin Ayari,se SWE,MF,Brighton,eng Premier League,22-049,2003.0,12,10,962,10.7,1,0,1,1,0,0,0,0,1.0,1.0,0.4,1.4,10,36,16,0.09,0.0,0.09,0.09,0.09,0.09,0.03,0.13,0.09,0.13,Matches,yasin ayari,28000000.0,22.0
147,Loïc Bade,fr FRA,DF,Leverkusen,de Bundesliga,25-227,2000.0,10,9,801,8.9,0,0,0,0,0,0,2,0,0.1,0.1,0.1,0.2,0,27,1,0.0,0.0,0.0,0.0,0.0,0.01,0.01,0.03,0.01,0.03,Matches,loic bade,25000000.0,25.0
149,Alex Baena,es ESP,MF,Atlético Madrid,es La Liga,24-127,2001.0,8,6,445,4.9,1,1,2,1,0,0,1,0,0.5,0.5,2.6,3.1,12,30,39,0.2,0.2,0.4,0.2,0.4,0.11,0.52,0.63,0.11,0.63,Matches,alex baena,55000000.0,24.0
155,Johan Bakayoko,be BEL,FW,RB Leipzig,de Bundesliga,22-218,2003.0,10,7,582,6.5,2,0,2,2,0,0,1,0,1.4,1.4,0.6,2.0,21,14,58,0.31,0.0,0.31,0.31,0.31,0.21,0.1,0.31,0.21,0.31,Matches,johan bakayoko,30000000.0,22.0
158,Dilane Bakwa,fr FRA,"FW,MF",Nott'ham Forest,eng Premier League,23-090,2002.0,4,2,174,1.9,0,0,0,0,0,0,0,0,0.1,0.1,0.4,0.5,6,9,22,0.0,0.0,0.0,0.0,0.0,0.07,0.2,0.27,0.07,0.27,Matches,dilane bakwa,35000000.0,23.0
161,Alejandro Balde,es ESP,DF,Barcelona,es La Liga,22-037,2003.0,9,8,631,7.0,0,1,1,0,0,0,2,0,0.1,0.1,0.7,0.8,18,28,48,0.0,0.14,0.14,0.0,0.14,0.01,0.11,0.12,0.01,0.12,Matches,alejandro balde,60000000.0,22.0
163,Carlos Baleba,cm CMR,MF,Brighton,eng Premier League,21-325,2004.0,12,11,690,7.7,0,0,0,0,0,0,4,0,0.2,0.2,0.1,0.2,7,14,7,0.0,0.0,0.0,0.0,0.0,0.02,0.01,0.03,0.02,0.03,Matches,carlos baleba,60000000.0,21.0
177,Bradley Barcola,fr FRA,FW,Paris S-G,fr Ligue 1,23-083,2002.0,11,8,670,7.4,5,0,5,5,0,0,2,0,3.5,3.5,1.3,4.8,32,28,112,0.67,0.0,0.67,0.67,0.67,0.47,0.18,0.65,0.47,0.65,Matches,bradley barcola,70000000.0,23.0
180,Nicolò Barella,it ITA,MF,Inter,it Serie A,28-290,1997.0,12,11,925,10.3,1,3,4,1,0,0,1,0,1.3,1.3,2.6,3.9,28,88,49,0.1,0.29,0.39,0.1,0.39,0.13,0.25,0.38,0.13,0.38,Matches,nicolo barella,65000000.0,28.0
184,Harvey Barnes,eng ENG,FW,Newcastle Utd,eng Premier League,27-350,1997.0,12,5,554,6.2,3,0,3,3,0,0,0,0,2.8,2.8,1.1,3.9,23,23,61,0.49,0.0,0.49,0.49,0.49,0.45,0.17,0.63,0.45,0.63,Matches,harvey barnes,35000000.0,27.0
186,Pablo Barrios,es ESP,MF,Atlético Madrid,es La Liga,22-162,2003.0,12,11,946,10.5,1,0,1,1,0,0,0,0,1.4,1.4,0.5,1.9,29,78,35,0.1,0.0,0.1,0.1,0.1,0.13,0.05,0.18,0.13,0.18,Matches,pablo barrios,55000000.0,22.0
187,Thierno Barry,fr FRA,FW,Everton,eng Premier League,23-034,2002.0,11,4,386,4.3,0,0,0,0,0,0,1,0,1.3,1.3,0.0,1.4,3,3,25,0.0,0.0,0.0,0.0,0.0,0.31,0.0,0.32,0.31,0.32,Matches,thierno barry,30000000.0,23.0
192,Calvin Bassey,ng NGA,DF,Fulham,eng Premier League,25-328,1999.0,12,11,999,11.1,0,0,0,0,0,0,3,0,0.2,0.2,0.1,0.3,14,35,3,0.0,0.0,0.0,0.0,0.0,0.01,0.01,0.02,0.01,0.02,Matches,calvin bassey,28000000.0,25.0
193,Alessandro Bastoni,it ITA,DF,Inter,it Serie A,26-225,1999.0,11,11,953,10.6,1,3,4,1,0,0,1,0,0.9,0.9,0.8,1.8,25,68,46,0.09,0.28,0.38,0.09,0.38,0.09,0.08,0.17,0.09,0.17,Matches,alessandro bastoni,80000000.0,26.0
207,Maximilian Beier,de GER,"MF,FW",Dortmund,de Bundesliga,23-038,2002.0,10,8,646,7.2,3,2,5,3,0,0,2,0,2.5,2.5,1.0,3.5,11,12,67,0.42,0.28,0.7,0.42,0.7,0.35,0.15,0.49,0.35,0.49,Matches,maximilian beier,30000000.0,23.0
215,Raoul Bellanova,it ITA,DF,Atalanta,it Serie A,25-191,2000.0,10,7,745,8.3,0,1,1,0,0,0,0,0,0.4,0.4,1.3,1.7,25,27,65,0.0,0.12,0.12,0.0,0.12,0.04,0.16,0.2,0.04,0.2,Matches,raoul bellanova,24000000.0,25.0
218,Jobe Bellingham,eng ENG,MF,Dortmund,de Bundesliga,20-062,2005.0,11,4,422,4.7,0,0,0,0,0,0,0,0,0.2,0.2,0.2,0.5,5,43,18,0.0,0.0,0.0,0.0,0.0,0.05,0.05,0.1,0.05,0.1,Matches,jobe bellingham,30000000.0,20.0
219,Jude Bellingham,eng ENG,MF,Real Madrid,es La Liga,22-148,2003.0,9,6,562,6.2,3,2,5,3,0,0,0,0,3.1,3.1,1.8,4.9,14,41,37,0.48,0.32,0.8,0.48,0.8,0.5,0.28,0.78,0.5,0.78,Matches,jude bellingham,180000000.0,22.0
224,Eliesse Ben Seghir,ma MAR,"MF,FW",Monaco,fr Ligue 1,20-281,2005.0,2,0,45,0.5,0,0,0,0,0,0,0,0,0.1,0.1,0.0,0.1,2,2,4,0.0,0.0,0.0,0.0,0.0,0.12,0.0,0.12,0.12,0.12,Matches,eliesse ben seghir,28000000.0,20.0
232,Rodrigo Bentancur,uy URU,MF,Tottenham,eng Premier League,28-152,1997.0,11,9,722,8.0,1,1,2,1,0,0,2,0,0.3,0.3,0.5,0.9,3,29,13,0.12,0.12,0.25,0.12,0.25,0.04,0.07,0.11,0.04,0.11,Matches,rodrigo bentancur,30000000.0,28.0
233,Lucas Beraldo,br BRA,DF,Paris S-G,fr Ligue 1,22-000,2003.0,8,8,642,7.1,1,0,1,1,0,0,0,0,0.4,0.4,0.0,0.5,1,38,1,0.14,0.0,0.14,0.14,0.14,0.06,0.0,0.07,0.06,0.07,Matches,lucas beraldo,25000000.0,22.0
237,Sander Berge,no NOR,MF,Fulham,eng Premier League,27-283,1998.0,12,12,1048,11.6,0,0,0,0,0,0,2,0,0.6,0.6,0.8,1.4,19,65,8,0.0,0.0,0.0,0.0,0.0,0.05,0.07,0.12,0.05,0.12,Matches,sander berge,25000000.0,27.0
239,Lucas Bergvall,se SWE,"MF,FW",Tottenham,eng Premier League,19-295,2006.0,9,5,413,4.6,1,1,2,1,0,0,1,0,0.6,0.6,0.3,0.8,9,20,24,0.22,0.22,0.44,0.22,0.44,0.12,0.06,0.18,0.12,0.18,Matches,lucas bergvall,40000000.0,19.0
250,Beto,gw GNB,FW,Everton,eng Premier League,27-297,1998.0,11,7,609,6.8,1,0,1,1,0,0,1,0,4.1,4.1,0.4,4.5,3,2,30,0.15,0.0,0.15,0.15,0.15,0.61,0.06,0.66,0.61,0.66,Matches,beto,22000000.0,27.0
251,Sam Beukema,nl NED,DF,Napoli,it Serie A,27-007,1998.0,6,5,451,5.0,1,0,1,1,0,0,0,0,1.1,1.1,0.0,1.1,3,30,3,0.2,0.0,0.2,0.2,0.2,0.21,0.01,0.22,0.21,0.22,Matches,sam beukema,28000000.0,27.0
253,Mika Biereth,dk DEN,"FW,MF",Monaco,fr Ligue 1,22-289,2003.0,12,9,645,7.2,2,0,2,2,0,0,0,0,2.8,2.8,0.4,3.2,4,9,48,0.28,0.0,0.28,0.28,0.28,0.39,0.05,0.44,0.39,0.44,Matches,mika biereth,30000000.0,22.0
257,Tom Bischof,de GER,"DF,MF",Bayern Munich,de Bundesliga,20-149,2005.0,9,4,404,4.5,0,3,3,0,0,0,1,0,0.5,0.5,1.2,1.8,10,29,22,0.0,0.67,0.67,0.0,0.67,0.12,0.28,0.39,0.12,0.39,Matches,tom bischof,30000000.0,20.0
265,Oscar Bobb,no NOR,"MF,FW",Manchester City,eng Premier League,22-135,2003.0,9,5,468,5.2,0,1,1,0,0,0,1,0,0.4,0.4,0.7,1.1,17,18,55,0.0,0.19,0.19,0.0,0.19,0.08,0.13,0.21,0.08,0.21,Matches,oscar bobb,30000000.0,22.0
281,Ange-Yoan Bonny,fr FRA,FW,Inter,it Serie A,22-030,2003.0,12,5,437,4.9,4,3,7,4,0,0,0,0,1.8,1.8,1.8,3.5,10,12,42,0.82,0.62,1.44,0.82,1.44,0.36,0.37,0.73,0.36,0.73,Matches,angeyoan bonny,23000000.0,22.0
284,Sven Botman,nl NED,DF,Newcastle Utd,eng Premier League,25-316,2000.0,10,8,656,7.3,0,0,0,0,0,0,0,0,0.1,0.1,0.6,0.7,1,22,3,0.0,0.0,0.0,0.0,0.0,0.02,0.08,0.09,0.02,0.09,Matches,sven botman,40000000.0,25.0
285,Ayyoub Bouaddi,fr FRA,MF,Lille,fr Ligue 1,18-053,2007.0,13,12,988,11.0,0,1,1,0,0,0,4,0,1.4,1.4,0.6,2.0,20,33,35,0.0,0.09,0.09,0.0,0.09,0.13,0.05,0.18,0.13,0.18,Matches,ayyoub bouaddi,30000000.0,18.0
290,Jarrod Bowen,eng ENG,"FW,MF",West Ham,eng Premier League,28-339,1996.0,12,12,1080,12.0,3,1,4,3,0,0,0,0,1.6,1.6,1.8,3.3,35,23,81,0.25,0.08,0.33,0.25,0.33,0.13,0.15,0.28,0.13,0.28,Matches,jarrod bowen,40000000.0,28.0
294,Conor Bradley,nir NIR,DF,Liverpool,eng Premier League,22-138,2003.0,9,7,530,5.9,0,0,0,0,0,0,4,0,0.1,0.1,0.3,0.4,16,28,25,0.0,0.0,0.0,0.0,0.0,0.01,0.05,0.07,0.01,0.07,Matches,conor bradley,30000000.0,22.0
296,Julian Brandt,de GER,"FW,MF",Dortmund,de Bundesliga,29-206,1996.0,9,4,434,4.8,2,2,4,2,0,0,0,0,1.6,1.6,1.8,3.4,8,18,45,0.41,0.41,0.83,0.41,0.83,0.34,0.37,0.71,0.34,0.71,Matches,julian brandt,25000000.0,29.0
308,Nathaniel Brown,de GER,"DF,FW",Eint Frankfurt,de Bundesliga,22-161,2003.0,11,8,795,8.8,1,2,3,1,0,0,0,0,1.0,1.0,1.1,2.1,29,24,55,0.11,0.23,0.34,0.11,0.34,0.11,0.13,0.24,0.11,0.24,Matches,nathaniel brown,30000000.0,22.0
323,Alessandro Buongiorno,it ITA,DF,Napoli,it Serie A,26-171,1999.0,9,7,656,7.3,0,1,1,0,0,0,0,0,0.6,0.6,0.1,0.7,8,29,1,0.0,0.14,0.14,0.0,0.14,0.09,0.01,0.1,0.09,0.1,Matches,alessandro buongiorno,50000000.0,26.0
326,Jonathan Burkardt,de GER,FW,Eint Frankfurt,de Bundesliga,25-136,2000.0,10,8,680,7.6,8,0,8,7,1,1,1,0,6.4,5.6,0.2,5.8,5,10,27,1.06,0.0,1.06,0.93,0.93,0.85,0.03,0.88,0.74,0.77,Matches,jonathan burkardt,35000000.0,25.0
342,Moisés Caicedo,ec ECU,MF,Chelsea,eng Premier League,24-022,2001.0,11,10,945,10.5,3,1,4,3,0,0,2,0,0.6,0.6,1.0,1.5,9,60,6,0.29,0.1,0.38,0.29,0.38,0.05,0.09,0.14,0.05,0.14,Matches,moises caicedo,100000000.0,24.0
345,Riccardo Calafiori,it ITA,DF,Arsenal,eng Premier League,23-189,2002.0,12,12,945,10.5,1,2,3,1,0,0,3,0,2.3,2.3,0.5,2.8,20,38,43,0.1,0.19,0.29,0.1,0.29,0.22,0.05,0.26,0.22,0.26,Matches,riccardo calafiori,40000000.0,23.0
349,Hakan Çalhanoğlu,tr TUR,MF,Inter,it Serie A,31-289,1994.0,10,10,771,8.6,5,1,6,3,2,3,2,0,3.4,1.1,1.4,2.4,18,71,23,0.58,0.12,0.7,0.35,0.47,0.4,0.16,0.56,0.12,0.28,Matches,hakan calhanoglu,25000000.0,31.0
355,Lamine Camara,sn SEN,MF,Monaco,fr Ligue 1,21-327,2004.0,6,4,353,3.9,0,3,3,0,0,0,1,0,0.2,0.2,1.5,1.7,4,26,8,0.0,0.76,0.76,0.0,0.76,0.05,0.39,0.43,0.05,0.43,Matches,lamine camara,30000000.0,21.0
359,Eduardo Camavinga,fr FRA,MF,Real Madrid,es La Liga,23-014,2002.0,9,3,380,4.2,0,0,0,0,0,0,0,0,0.1,0.1,0.7,0.8,7,25,14,0.0,0.0,0.0,0.0,0.0,0.02,0.17,0.19,0.02,0.19,Matches,eduardo camavinga,50000000.0,23.0
361,Andrea Cambiaso,it ITA,"DF,FW",Juventus,it Serie A,25-277,2000.0,10,10,824,9.2,1,1,2,1,0,0,0,1,0.7,0.7,1.6,2.3,33,32,71,0.11,0.11,0.22,0.11,0.22,0.08,0.17,0.25,0.08,0.25,Matches,andrea cambiaso,35000000.0,25.0
379,Johnny Cardoso,us USA,MF,Atlético Madrid,es La Liga,24-065,2001.0,3,3,183,2.0,0,0,0,0,0,0,2,0,0.0,0.0,0.0,0.0,5,10,3,0.0,0.0,0.0,0.0,0.0,0.01,0.01,0.02,0.01,0.02,Matches,johnny cardoso,25000000.0,24.0
386,Marco Carnesecchi,it ITA,GK,Atalanta,it Serie A,25-146,2000.0,12,12,1080,12.0,0,0,0,0,0,0,0,0,0.0,0.0,0.0,0.0,0,0,0,0.0,0.0,0.0,0.0,0.0,0.0,0.0,0.0,0.0,0.0,Matches,marco carnesecchi,25000000.0,25.0
388,Álvaro Carreras,es ESP,DF,Real Madrid,es La Liga,22-246,2003.0,13,13,1158,12.9,1,0,1,1,0,0,2,0,0.2,0.2,0.8,1.0,31,118,72,0.08,0.0,0.08,0.08,0.08,0.02,0.06,0.08,0.02,0.08,Matches,alvaro carreras,50000000.0,22.0
392,Marc Casado,es ESP,MF,Barcelona,es La Liga,22-071,2003.0,9,5,427,4.7,0,1,1,0,0,0,0,0,0.3,0.3,0.1,0.4,7,26,8,0.0,0.21,0.21,0.0,0.21,0.06,0.03,0.09,0.06,0.09,Matches,marc casado,30000000.0,22.0
395,Matty Cash,pl POL,DF,Aston Villa,eng Premier League,28-109,1997.0,12,12,1056,11.7,2,0,2,2,0,0,3,0,0.3,0.3,1.0,1.3,15,41,51,0.17,0.0,0.17,0.17,0.17,0.03,0.09,0.11,0.03,0.11,Matches,matty cash,25000000.0,28.0
402,Santiago Castro,ar ARG,FW,Bologna,it Serie A,21-056,2004.0,10,7,680,7.6,4,1,5,4,0,0,1,0,2.0,2.0,0.8,2.8,4,10,34,0.53,0.13,0.66,0.53,0.66,0.26,0.1,0.37,0.26,0.37,Matches,santiago castro,35000000.0,21.0
418,Trevoh Chalobah,eng ENG,DF,Chelsea,eng Premier League,26-142,1999.0,11,11,930,10.3,2,0,2,2,0,0,2,1,0.8,0.8,0.1,0.9,10,34,0,0.19,0.0,0.19,0.19,0.19,0.07,0.01,0.08,0.07,0.08,Matches,trevoh chalobah,32000000.0,26.0
427,Rayan Cherki,fr FRA,"MF,FW",Manchester City,eng Premier League,22-099,2003.0,7,4,292,3.2,1,2,3,1,0,0,0,0,0.8,0.8,2.0,2.8,10,17,17,0.31,0.62,0.92,0.31,0.92,0.25,0.62,0.87,0.25,0.87,Matches,rayan cherki,45000000.0,22.0
428,Lucas Chevalier,fr FRA,GK,Paris S-G,fr Ligue 1,24-018,2001.0,13,13,1170,13.0,0,0,0,0,0,0,0,0,0.0,0.0,0.0,0.0,0,0,0,0.0,0.0,0.0,0.0,0.0,0.0,0.0,0.0,0.0,0.0,Matches,lucas chevalier,40000000.0,24.0
448,Nathan Collins,ie IRL,DF,Brentford,eng Premier League,24-208,2001.0,12,12,1080,12.0,0,0,0,0,0,0,4,0,0.4,0.4,0.9,1.3,2,27,1,0.0,0.0,0.0,0.0,0.0,0.03,0.07,0.11,0.03,0.11,Matches,nathan collins,35000000.0,24.0
455,Pietro Comuzzo,it ITA,DF,Fiorentina,it Serie A,20-277,2005.0,6,5,373,4.1,0,0,0,0,0,0,0,0,0.3,0.3,0.0,0.3,0,6,0,0.0,0.0,0.0,0.0,0.0,0.07,0.01,0.08,0.07,0.08,Matches,pietro comuzzo,25000000.0,20.0
456,Francisco Conceição,pt POR,"MF,FW",Juventus,it Serie A,22-345,2002.0,9,7,584,6.5,1,0,1,1,0,0,0,0,0.7,0.7,0.7,1.5,41,14,43,0.15,0.0,0.15,0.15,0.15,0.11,0.11,0.23,0.11,0.23,Matches,francisco conceicao,30000000.0,22.0
489,Pau Cubarsí,es ESP,DF,Barcelona,es La Liga,18-306,2007.0,9,9,780,8.7,0,0,0,0,0,0,1,0,0.2,0.2,0.4,0.6,14,48,1,0.0,0.0,0.0,0.0,0.0,0.02,0.05,0.07,0.02,0.07,Matches,pau cubarsi,80000000.0,18.0
491,Marc Cucurella,es ESP,DF,Chelsea,eng Premier League,27-125,1998.0,12,11,986,11.0,0,2,2,0,0,0,2,0,0.5,0.5,1.6,2.1,20,50,34,0.0,0.18,0.18,0.0,0.18,0.05,0.14,0.19,0.05,0.19,Matches,marc cucurella,45000000.0,27.0
496,Matheus Cunha,br BRA,"MF,FW",Manchester Utd,eng Premier League,26-181,1999.0,10,8,683,7.6,1,0,1,1,0,0,0,0,1.6,1.6,0.6,2.3,20,27,32,0.13,0.0,0.13,0.13,0.13,0.22,0.08,0.3,0.22,0.3,Matches,matheus cunha,70000000.0,26.0
504,Diogo Dalot,pt POR,DF,Manchester Utd,eng Premier League,26-251,1999.0,9,7,594,6.6,0,1,1,0,0,0,0,0,0.1,0.1,1.0,1.1,16,17,42,0.0,0.15,0.15,0.0,0.15,0.01,0.16,0.17,0.01,0.17,Matches,diogo dalot,28000000.0,26.0
506,Mikkel Damsgaard,dk DEN,MF,Brentford,eng Premier League,25-144,2000.0,10,10,795,8.8,1,1,2,1,0,0,0,0,0.5,0.5,1.7,2.2,17,39,34,0.11,0.11,0.23,0.11,0.23,0.06,0.19,0.25,0.06,0.25,Matches,mikkel damsgaard,30000000.0,25.0
509,Kevin Danso,at AUT,DF,Tottenham,eng Premier League,27-066,1998.0,8,4,305,3.4,0,0,0,0,0,0,3,0,0.0,0.0,0.0,0.0,1,11,0,0.0,0.0,0.0,0.0,0.0,0.0,0.0,0.0,0.0,0.0,Matches,kevin danso,25000000.0,27.0
517,Jonathan David,ca CAN,FW,Juventus,it Serie A,25-314,2000.0,11,5,445,4.9,1,1,2,1,0,0,0,0,1.3,1.3,0.7,2.0,7,9,34,0.2,0.2,0.4,0.2,0.4,0.26,0.15,0.41,0.26,0.41,Matches,jonathan david,45000000.0,25.0
523,Charles De Ketelaere,be BEL,"MF,FW",Atalanta,it Serie A,24-259,2001.0,10,7,639,7.1,2,0,2,2,0,0,2,0,0.9,0.9,1.7,2.6,38,60,81,0.28,0.0,0.28,0.28,0.28,0.13,0.24,0.37,0.13,0.37,Matches,charles de ketelaere,35000000.0,24.0
529,Koni De Winter,be BEL,DF,Milan,it Serie A,23-165,2002.0,7,3,346,3.8,0,0,0,0,0,0,0,0,0.1,0.1,0.1,0.2,8,18,9,0.0,0.0,0.0,0.0,0.0,0.02,0.03,0.04,0.02,0.04,Matches,koni de winter,22000000.0,23.0
534,Liam Delap,eng ENG,FW,Chelsea,eng Premier League,22-289,2003.0,5,4,221,2.5,0,0,0,0,0,0,0,0,0.4,0.4,0.0,0.4,4,5,14,0.0,0.0,0.0,0.0,0.0,0.16,0.0,0.16,0.16,0.16,Matches,liam delap,40000000.0,22.0
537,Ousmane Dembélé,fr FRA,FW,Paris S-G,fr Ligue 1,28-193,1997.0,6,3,282,3.1,2,1,3,0,2,3,0,0,2.9,0.5,1.3,1.8,20,41,24,0.64,0.32,0.96,0.0,0.32,0.91,0.41,1.32,0.16,0.57,Matches,ousmane dembele,100000000.0,28.0
541,Sepp van den Berg,nl NED,DF,Brentford,eng Premier League,23-339,2001.0,12,12,1080,12.0,0,0,0,0,0,0,0,0,1.5,1.5,0.1,1.6,5,23,7,0.0,0.0,0.0,0.0,0.0,0.13,0.01,0.13,0.13,0.13,Matches,sepp van den berg,25000000.0,23.0
548,Kiernan Dewsbury-Hall,eng ENG,MF,Everton,eng Premier League,27-079,1998.0,10,10,885,9.8,1,2,3,1,0,0,5,0,0.8,0.8,2.6,3.4,14,52,37,0.1,0.2,0.31,0.1,0.31,0.08,0.27,0.35,0.08,0.35,Matches,kiernan dewsburyhall,25000000.0,27.0
555,Bafodé Diakité,fr FRA,DF,Bournemouth,eng Premier League,24-322,2001.0,9,9,765,8.5,0,0,0,0,0,0,1,0,0.0,0.0,0.1,0.1,1,29,2,0.0,0.0,0.0,0.0,0.0,0.0,0.02,0.02,0.0,0.02,Matches,bafode diakite,35000000.0,24.0
556,Amad Diallo,ci CIV,"DF,MF",Manchester Utd,eng Premier League,23-136,2002.0,10,9,754,8.4,1,2,3,1,0,0,1,0,2.1,2.1,1.7,3.8,41,35,63,0.12,0.24,0.36,0.12,0.36,0.25,0.2,0.45,0.25,0.45,Matches,amad diallo,40000000.0,23.0
559,Assane Diao,sn SEN,FW,Como,it Serie A,20-078,2005.0,4,3,233,2.6,0,0,0,0,0,0,0,0,0.0,0.0,0.0,0.0,15,9,26,0.0,0.0,0.0,0.0,0.0,0.01,0.0,0.01,0.01,0.01,Matches,assane diao,30000000.0,20.0
561,Habib Diarra,sn SEN,MF,Sunderland,eng Premier League,21-325,2004.0,4,4,345,3.8,0,0,0,0,0,0,1,0,0.6,0.6,0.0,0.6,10,13,17,0.0,0.0,0.0,0.0,0.0,0.15,0.01,0.16,0.15,0.16,Matches,habib diarra,32000000.0,21.0
563,Rúben Dias,pt POR,DF,Manchester City,eng Premier League,28-194,1997.0,12,11,996,11.1,1,0,1,1,0,0,0,0,0.2,0.2,0.1,0.3,9,37,0,0.09,0.0,0.09,0.09,0.09,0.02,0.01,0.03,0.02,0.03,Matches,ruben dias,60000000.0,28.0
566,Brahim Díaz,ma MAR,"FW,MF",Real Madrid,es La Liga,26-113,1999.0,10,3,298,3.3,0,2,2,0,0,0,1,0,0.2,0.2,1.6,1.8,13,8,30,0.0,0.6,0.6,0.0,0.6,0.07,0.49,0.55,0.07,0.55,Matches,brahim diaz,40000000.0,26.0
568,Luis Díaz,co COL,FW,Bayern Munich,de Bundesliga,28-315,1997.0,11,10,892,9.9,6,4,10,6,0,0,4,0,5.9,5.9,2.2,8.1,38,36,116,0.61,0.4,1.01,0.61,1.01,0.59,0.22,0.82,0.59,0.82,Matches,luis diaz,70000000.0,28.0
570,Tyler Dibling,eng ENG,FW,Everton,eng Premier League,19-257,2006.0,4,1,65,0.7,0,0,0,0,0,0,1,0,0.0,0.0,0.0,0.0,2,0,5,0.0,0.0,0.0,0.0,0.0,0.0,0.0,0.0,0.0,0.0,Matches,tyler dibling,35000000.0,19.0
576,Federico Dimarco,it ITA,DF,Inter,it Serie A,28-014,1997.0,12,9,866,9.6,2,4,6,2,0,0,1,0,1.0,1.0,4.9,5.9,15,55,93,0.21,0.42,0.62,0.21,0.62,0.1,0.51,0.62,0.1,0.62,Matches,federico dimarco,50000000.0,28.0
586,El Hadji Malick Diouf,sn SEN,"DF,MF",West Ham,eng Premier League,20-331,2004.0,12,11,1035,11.5,0,3,3,0,0,0,1,0,0.2,0.2,0.7,1.0,14,32,45,0.0,0.26,0.26,0.0,0.26,0.02,0.06,0.08,0.02,0.08,Matches,el hadji malick diouf,25000000.0,20.0
594,Ritsu Doan,jp JPN,"FW,MF",Eint Frankfurt,de Bundesliga,27-161,1998.0,11,11,892,9.9,3,4,7,3,0,0,1,0,1.8,1.8,2.7,4.5,14,37,84,0.3,0.4,0.71,0.3,0.71,0.18,0.27,0.46,0.18,0.46,Matches,ritsu doan,25000000.0,27.0
595,Dodô,br BRA,DF,Fiorentina,it Serie A,27-007,1998.0,12,12,1025,11.4,0,0,0,0,0,0,2,0,0.9,0.9,0.7,1.6,41,28,49,0.0,0.0,0.0,0.0,0.0,0.08,0.06,0.14,0.08,0.14,Matches,dodo,24000000.0,27.0
599,Jeremy Doku,be BEL,"MF,FW",Manchester City,eng Premier League,23-181,2002.0,12,8,696,7.7,1,3,4,1,0,0,0,0,1.1,1.1,4.7,5.8,81,37,82,0.13,0.39,0.52,0.13,0.52,0.14,0.61,0.75,0.14,0.75,Matches,jeremy doku,55000000.0,23.0
607,Gianluigi Donnarumma,it ITA,GK,Manchester City,eng Premier League,26-272,1999.0,9,9,810,9.0,0,0,0,0,0,0,3,0,0.0,0.0,0.0,0.0,0,0,0,0.0,0.0,0.0,0.0,0.0,0.0,0.0,0.0,0.0,0.0,Matches,gianluigi donnarumma,40000000.0,26.0
608,Patrick Dorgu,dk DEN,DF,Manchester Utd,eng Premier League,21-029,2004.0,10,6,626,7.0,0,1,1,0,0,0,4,0,0.5,0.5,1.1,1.6,18,8,50,0.0,0.14,0.14,0.0,0.14,0.08,0.16,0.24,0.08,0.24,Matches,patrick dorgu,25000000.0,21.0
612,Désiré Doué,fr FRA,"FW,MF",Paris S-G,fr Ligue 1,20-174,2005.0,6,4,311,3.5,1,1,2,1,0,0,0,0,1.0,1.0,0.8,1.8,19,17,43,0.29,0.29,0.58,0.29,0.58,0.3,0.22,0.52,0.3,0.52,Matches,desire doue,90000000.0,20.0
617,Artem Dovbyk,ua UKR,FW,Roma,it Serie A,28-156,1997.0,10,3,327,3.6,2,1,3,2,0,0,0,0,2.0,2.0,1.1,3.1,3,5,16,0.55,0.28,0.83,0.55,0.83,0.56,0.3,0.86,0.56,0.86,Matches,artem dovbyk,25000000.0,28.0
621,Denzel Dumfries,nl NED,DF,Inter,it Serie A,29-220,1996.0,11,9,719,8.0,1,0,1,1,0,0,1,0,1.5,1.5,1.0,2.4,13,17,66,0.13,0.0,0.13,0.13,0.13,0.18,0.12,0.3,0.18,0.3,Matches,denzel dumfries,35000000.0,29.0
632,Éderson,br BRA,MF,Atalanta,it Serie A,26-140,1999.0,8,7,588,6.5,0,0,0,0,0,0,1,0,0.4,0.4,0.1,0.6,9,49,17,0.0,0.0,0.0,0.0,0.0,0.07,0.02,0.09,0.07,0.09,Matches,ederson,45000000.0,26.0
644,Hugo Ekitike,fr FRA,FW,Liverpool,eng Premier League,23-157,2002.0,11,8,668,7.4,3,1,4,3,0,0,0,0,2.3,2.3,0.6,2.9,13,10,38,0.4,0.13,0.54,0.4,0.54,0.32,0.08,0.39,0.32,0.39,Matches,hugo ekitike,85000000.0,23.0
648,Anthony Elanga,se SWE,"FW,MF",Newcastle Utd,eng Premier League,23-211,2002.0,12,4,423,4.7,0,0,0,0,0,0,0,0,0.8,0.8,0.6,1.4,18,8,65,0.0,0.0,0.0,0.0,0.0,0.17,0.13,0.3,0.17,0.3,Matches,anthony elanga,55000000.0,23.0
652,Harvey Elliott,eng ENG,"MF,FW",Liverpool,eng Premier League,22-234,2003.0,1,0,1,0.0,0,0,0,0,0,0,0,0,0.0,0.0,0.0,0.0,0,0,1,0.0,0.0,0.0,0.0,0.0,0.0,0.0,0.0,0.0,0.0,Matches,harvey elliott,35000000.0,22.0
660,Julio Enciso,py PAR,"MF,FW",Strasbourg,fr Ligue 1,21-305,2004.0,6,4,346,3.8,0,0,0,0,0,0,1,0,1.7,1.7,0.1,1.8,9,17,20,0.0,0.0,0.0,0.0,0.0,0.44,0.03,0.48,0.44,0.48,Matches,julio enciso,22000000.0,21.0
662,Endrick,br BRA,FW,Real Madrid,es La Liga,19-126,2006.0,1,0,12,0.1,0,0,0,0,0,0,0,0,0.0,0.0,0.0,0.0,1,0,0,0.0,0.0,0.0,0.0,0.0,0.0,0.0,0.0,0.0,0.0,Matches,endrick,35000000.0,19.0
673,Maxime Estève,fr FRA,DF,Burnley,eng Premier League,23-182,2002.0,12,12,1071,11.9,0,0,0,0,0,0,0,0,0.2,0.2,0.4,0.6,3,24,1,0.0,0.0,0.0,0.0,0.0,0.02,0.03,0.05,0.02,0.05,Matches,maxime esteve,24000000.0,23.0
678,Evanilson,br BRA,FW,Bournemouth,eng Premier League,26-049,1999.0,10,9,811,9.0,1,0,1,1,0,0,1,0,2.0,2.0,0.8,2.8,6,7,31,0.11,0.0,0.11,0.11,0.11,0.22,0.09,0.31,0.22,0.31,Matches,evanilson,40000000.0,26.0
680,Eberechi Eze,eng ENG,"MF,FW",Arsenal,eng Premier League,27-148,1998.0,10,8,708,7.9,4,2,6,4,0,0,0,0,2.3,2.3,1.1,3.3,19,35,36,0.51,0.25,0.76,0.51,0.76,0.29,0.14,0.42,0.29,0.42,Matches,eberechi eze,65000000.0,27.0
696,Evan Ferguson,ie IRL,FW,Roma,it Serie A,21-036,2004.0,8,4,334,3.7,1,1,2,1,0,0,1,0,0.8,0.8,1.3,2.1,7,4,30,0.27,0.27,0.54,0.27,0.54,0.21,0.34,0.56,0.21,0.56,Matches,evan ferguson,25000000.0,21.0
698,Bruno Fernandes,pt POR,MF,Manchester Utd,eng Premier League,31-077,1994.0,11,11,980,10.9,2,3,5,1,1,3,2,0,4.7,2.3,2.3,4.6,18,84,30,0.18,0.28,0.46,0.09,0.37,0.43,0.21,0.64,0.21,0.43,Matches,bruno fernandes,45000000.0,31.0
699,Mateus Fernandes,pt POR,"MF,FW",West Ham,eng Premier League,21-137,2004.0,10,9,716,8.0,1,1,2,1,0,0,1,0,0.5,0.5,0.9,1.4,9,28,14,0.13,0.13,0.25,0.13,0.25,0.06,0.11,0.17,0.06,0.17,Matches,mateus fernandes,32000000.0,21.0
700,Enzo Fernández,ar ARG,MF,Chelsea,eng Premier League,24-311,2001.0,11,11,970,10.8,4,1,5,3,1,1,2,0,5.4,4.6,2.7,7.3,15,84,42,0.37,0.09,0.46,0.28,0.37,0.5,0.25,0.75,0.42,0.68,Matches,enzo fernandez,80000000.0,24.0
715,Phil Foden,eng ENG,MF,Manchester City,eng Premier League,25-180,2000.0,10,9,798,8.9,1,1,2,1,0,0,3,0,1.8,1.8,1.4,3.1,14,42,42,0.11,0.11,0.23,0.11,0.23,0.2,0.15,0.35,0.2,0.35,Matches,phil foden,80000000.0,25.0
716,Malick Fofana,be BEL,FW,Lyon,fr Ligue 1,20-238,2005.0,9,9,721,8.0,2,1,3,2,0,0,1,0,2.7,2.7,1.9,4.7,35,14,95,0.25,0.12,0.37,0.25,0.37,0.34,0.24,0.58,0.34,0.58,Matches,malick fofana,30000000.0,20.0
719,Wesley Fofana,fr FRA,DF,Chelsea,eng Premier League,24-342,2000.0,5,4,308,3.4,0,0,0,0,0,0,0,0,0.1,0.1,0.0,0.1,3,10,1,0.0,0.0,0.0,0.0,0.0,0.04,0.0,0.04,0.04,0.04,Matches,wesley fofana,25000000.0,24.0
720,Youssouf Fofana,fr FRA,MF,Milan,it Serie A,26-318,1999.0,12,12,979,10.9,1,1,2,1,0,0,3,0,2.0,2.0,1.3,3.4,15,33,37,0.09,0.09,0.18,0.09,0.18,0.19,0.12,0.31,0.19,0.31,Matches,youssouf fofana,30000000.0,26.0
733,Davide Frattesi,it ITA,"MF,FW",Inter,it Serie A,26-033,1999.0,8,1,205,2.3,0,0,0,0,0,0,0,0,0.9,0.9,0.3,1.2,2,4,12,0.0,0.0,0.0,0.0,0.0,0.4,0.12,0.52,0.4,0.52,Matches,davide frattesi,35000000.0,26.0
740,Jeremie Frimpong,nl NED,"DF,MF",Liverpool,eng Premier League,24-349,2000.0,4,1,86,1.0,0,0,0,0,0,0,0,0,0.1,0.1,0.3,0.4,4,3,10,0.0,0.0,0.0,0.0,0.0,0.08,0.31,0.39,0.08,0.39,Matches,jeremie frimpong,45000000.0,24.0
749,Cody Gakpo,nl NED,"FW,MF",Liverpool,eng Premier League,26-201,1999.0,12,10,919,10.2,3,2,5,3,0,0,0,0,3.6,3.6,3.0,6.5,45,35,113,0.29,0.2,0.49,0.29,0.49,0.35,0.29,0.64,0.35,0.64,Matches,cody gakpo,70000000.0,26.0
752,Conor Gallagher,eng ENG,MF,Atlético Madrid,es La Liga,25-291,2000.0,13,2,373,4.1,1,0,1,1,0,0,1,0,0.5,0.5,0.4,0.9,13,17,15,0.24,0.0,0.24,0.24,0.24,0.12,0.09,0.21,0.12,0.21,Matches,conor gallagher,40000000.0,25.0
760,Eric García,es ESP,"DF,MF",Barcelona,es La Liga,24-319,2001.0,13,11,1008,11.2,1,0,1,1,0,0,0,0,1.4,1.4,0.8,2.2,12,84,26,0.09,0.0,0.09,0.09,0.09,0.13,0.07,0.2,0.13,0.2,Matches,eric garcia,25000000.0,24.0
763,Joan García,es ESP,GK,Barcelona,es La Liga,24-204,2001.0,7,7,630,7.0,0,0,0,0,0,0,0,0,0.0,0.0,0.0,0.0,0,0,0,0.0,0.0,0.0,0.0,0.0,0.0,0.0,0.0,0.0,0.0,Matches,joan garcia,25000000.0,24.0
768,Alejandro Garnacho,ar ARG,FW,Chelsea,eng Premier League,21-146,2004.0,6,5,343,3.8,1,2,3,1,0,0,0,0,0.9,0.9,2.2,3.1,32,5,59,0.26,0.52,0.79,0.26,0.79,0.22,0.58,0.8,0.22,0.8,Matches,alejandro garnacho,45000000.0,21.0
769,James Garner,eng ENG,"MF,DF",Everton,eng Premier League,24-256,2001.0,11,11,990,11.0,1,1,2,1,0,0,4,0,1.0,1.0,1.1,2.1,12,58,16,0.09,0.09,0.18,0.09,0.18,0.09,0.1,0.19,0.09,0.19,Matches,james garner,22000000.0,24.0
770,Federico Gatti,it ITA,DF,Juventus,it Serie A,27-153,1998.0,10,9,777,8.6,1,0,1,1,0,0,3,0,1.2,1.2,0.1,1.3,11,33,1,0.12,0.0,0.12,0.12,0.12,0.14,0.01,0.15,0.14,0.15,Matches,federico gatti,24000000.0,27.0
771,Gavi,es ESP,"MF,DF",Barcelona,es La Liga,21-111,2004.0,2,0,67,0.7,0,1,1,0,0,0,0,0,0.0,0.0,0.2,0.2,1,11,3,0.0,1.34,1.34,0.0,1.34,0.0,0.23,0.23,0.0,0.23,Matches,gavi,40000000.0,21.0
787,Morgan Gibbs-White,eng ENG,"MF,FW",Nott'ham Forest,eng Premier League,25-301,2000.0,12,11,996,11.1,3,1,4,3,0,0,0,0,2.8,2.8,0.7,3.5,26,68,86,0.27,0.09,0.36,0.27,0.36,0.26,0.06,0.32,0.26,0.32,Matches,morgan gibbswhite,65000000.0,25.0
789,Mario Gila,es ESP,DF,Lazio,it Serie A,25-087,2000.0,12,12,1039,11.5,0,0,0,0,0,0,1,0,0.3,0.3,0.1,0.4,6,37,4,0.0,0.0,0.0,0.0,0.0,0.03,0.0,0.03,0.03,0.03,Matches,mario gila,30000000.0,25.0
792,Santiago Giménez,mx MEX,FW,Milan,it Serie A,24-220,2001.0,9,8,621,6.9,0,0,0,0,0,0,1,0,2.8,2.8,0.1,3.0,6,4,29,0.0,0.0,0.0,0.0,0.0,0.41,0.02,0.43,0.41,0.43,Matches,santiago gimenez,25000000.0,24.0
797,Jamie Gittens,eng ENG,FW,Chelsea,eng Premier League,21-108,2004.0,10,3,344,3.8,0,1,1,0,0,0,0,0,0.7,0.7,0.6,1.3,19,8,32,0.0,0.26,0.26,0.0,0.26,0.17,0.15,0.33,0.17,0.33,Matches,jamie gittens,45000000.0,21.0
800,Wilfried Gnonto,it ITA,FW,Leeds United,eng Premier League,22-019,2003.0,5,3,203,2.3,0,0,0,0,0,0,2,0,0.2,0.2,0.1,0.3,4,5,16,0.0,0.0,0.0,0.0,0.0,0.07,0.05,0.12,0.07,0.12,Matches,wilfried gnonto,22000000.0,22.0
809,João Gomes,br BRA,MF,Wolves,eng Premier League,24-285,2001.0,12,10,925,10.3,0,0,0,0,0,0,4,0,0.5,0.5,0.2,0.7,13,58,17,0.0,0.0,0.0,0.0,0.0,0.04,0.02,0.06,0.04,0.06,Matches,joao gomes,40000000.0,24.0
825,Anthony Gordon,eng ENG,FW,Newcastle Utd,eng Premier League,24-273,2001.0,7,7,458,5.1,0,0,0,0,0,0,0,1,1.4,1.4,1.0,2.4,21,16,38,0.0,0.0,0.0,0.0,0.0,0.27,0.19,0.46,0.27,0.46,Matches,anthony gordon,65000000.0,24.0
833,Amine Gouiri,dz ALG,"FW,MF",Marseille,fr Ligue 1,25-281,2000.0,6,5,378,4.2,1,1,2,1,0,0,0,0,1.9,1.9,0.5,2.3,7,7,18,0.24,0.24,0.48,0.24,0.48,0.45,0.11,0.56,0.45,0.56,Matches,amine gouiri,30000000.0,25.0
839,Ryan Gravenberch,nl NED,"MF,DF",Liverpool,eng Premier League,23-192,2002.0,10,10,871,9.7,3,1,4,3,0,0,3,0,0.6,0.6,0.7,1.3,23,50,24,0.31,0.1,0.41,0.31,0.41,0.06,0.07,0.13,0.06,0.13,Matches,ryan gravenberch,90000000.0,23.0
840,Archie Gray,eng ENG,MF,Tottenham,eng Premier League,19-257,2006.0,2,1,72,0.8,0,0,0,0,0,0,0,0,0.0,0.0,0.0,0.0,2,7,0,0.0,0.0,0.0,0.0,0.0,0.0,0.03,0.03,0.0,0.03,Matches,archie gray,35000000.0,19.0
841,Jack Grealish,eng ENG,FW,Everton,eng Premier League,30-075,1995.0,10,9,826,9.2,1,4,5,1,0,0,3,0,1.2,1.2,3.2,4.3,60,39,85,0.11,0.44,0.54,0.11,0.54,0.13,0.35,0.47,0.13,0.47,Matches,jack grealish,28000000.0,30.0
842,Mason Greenwood,eng ENG,"FW,MF",Marseille,fr Ligue 1,24-054,2001.0,12,11,952,10.6,10,3,13,6,4,5,1,0,7.5,3.6,3.2,6.8,42,70,110,0.95,0.28,1.23,0.57,0.85,0.71,0.3,1.02,0.34,0.64,Matches,mason greenwood,40000000.0,24.0
848,Brajan Gruda,de GER,"MF,FW",Brighton,eng Premier League,21-177,2004.0,8,2,225,2.5,1,1,2,1,0,0,1,0,1.4,1.4,0.5,1.9,8,6,28,0.4,0.4,0.8,0.4,0.8,0.56,0.18,0.75,0.56,0.75,Matches,brajan gruda,28000000.0,21.0
855,Marc Guéhi,eng ENG,DF,Crystal Palace,eng Premier League,25-134,2000.0,11,11,990,11.0,1,1,2,1,0,0,1,0,0.9,0.9,1.1,2.0,13,59,5,0.09,0.09,0.18,0.09,0.18,0.08,0.1,0.18,0.08,0.18,Matches,marc guehi,50000000.0,25.0
856,Mattéo Guendouzi,fr FRA,MF,Lazio,it Serie A,26-224,1999.0,10,10,888,9.9,2,1,3,2,0,0,4,1,1.1,1.1,0.7,1.8,8,45,29,0.2,0.1,0.3,0.2,0.3,0.11,0.07,0.18,0.11,0.18,Matches,matteo guendouzi,32000000.0,26.0
861,Evann Guessand,ci CIV,FW,Aston Villa,eng Premier League,24-146,2001.0,10,5,423,4.7,0,0,0,0,0,0,0,0,0.4,0.4,0.1,0.5,12,8,26,0.0,0.0,0.0,0.0,0.0,0.08,0.02,0.1,0.08,0.1,Matches,evann guessand,30000000.0,24.0
865,Pape Gueye,sn SEN,MF,Villarreal,es La Liga,26-304,1999.0,12,8,709,7.9,2,1,3,2,0,0,4,0,1.0,1.0,1.0,1.9,11,63,16,0.25,0.13,0.38,0.25,0.38,0.12,0.12,0.24,0.12,0.24,Matches,pape gueye,25000000.0,26.0
868,Bruno Guimarães,br BRA,MF,Newcastle Utd,eng Premier League,28-008,1997.0,11,11,984,10.9,3,2,5,3,0,0,3,0,2.0,2.0,0.7,2.7,14,81,26,0.27,0.18,0.46,0.27,0.46,0.18,0.06,0.25,0.18,0.25,Matches,bruno guimaraes,80000000.0,28.0
871,Serhou Guirassy,gn GUI,FW,Dortmund,de Bundesliga,29-257,1996.0,10,10,878,9.8,5,1,6,5,0,1,2,0,5.8,5.0,0.8,5.8,16,11,64,0.51,0.1,0.62,0.51,0.62,0.59,0.08,0.68,0.51,0.59,Matches,serhou guirassy,45000000.0,29.0
875,Arda Güler,tr TUR,MF,Real Madrid,es La Liga,20-272,2005.0,13,11,850,9.4,3,5,8,3,0,0,1,0,2.9,2.9,4.0,6.9,19,73,49,0.32,0.53,0.85,0.32,0.85,0.3,0.43,0.73,0.3,0.73,Matches,arda guler,60000000.0,20.0
880,Malo Gusto,fr FRA,"DF,MF",Chelsea,eng Premier League,22-189,2003.0,10,6,576,6.4,1,1,2,1,0,0,2,1,0.8,0.8,0.5,1.3,12,31,33,0.16,0.16,0.31,0.16,0.31,0.13,0.08,0.21,0.13,0.21,Matches,malo gusto,35000000.0,22.0
883,Joško Gvardiol,hr CRO,DF,Manchester City,eng Premier League,23-305,2002.0,8,8,699,7.8,0,1,1,0,0,0,0,0,0.2,0.2,0.3,0.5,8,47,2,0.0,0.13,0.13,0.0,0.13,0.02,0.04,0.06,0.02,0.06,Matches,josko gvardiol,75000000.0,23.0
884,Viktor Gyökeres,se SWE,FW,Arsenal,eng Premier League,27-173,1998.0,10,10,800,8.9,4,0,4,3,1,1,1,0,4.6,3.8,1.0,4.8,8,11,51,0.45,0.0,0.45,0.34,0.34,0.51,0.12,0.63,0.42,0.54,Matches,viktor gyokeres,75000000.0,27.0
885,Erling Haaland,no NOR,FW,Manchester City,eng Premier League,25-126,2000.0,12,12,1034,11.5,14,1,15,14,0,1,0,0,12.6,11.8,1.2,13.0,24,8,37,1.22,0.09,1.31,1.22,1.31,1.1,0.1,1.2,1.03,1.13,Matches,erling haaland,180000000.0,25.0
889,Achraf Hakimi,ma MAR,DF,Paris S-G,fr Ligue 1,27-020,1998.0,9,6,657,7.3,2,0,2,2,0,0,2,0,1.2,1.2,0.7,1.9,18,49,110,0.27,0.0,0.27,0.27,0.27,0.16,0.1,0.26,0.16,0.26,Matches,achraf hakimi,80000000.0,27.0
890,Lewis Hall,eng ENG,DF,Newcastle Utd,eng Premier League,21-077,2004.0,5,2,225,2.5,0,0,0,0,0,0,0,0,0.0,0.0,0.0,0.0,1,15,10,0.0,0.0,0.0,0.0,0.0,0.01,0.0,0.01,0.01,0.01,Matches,lewis hall,32000000.0,21.0
894,Dávid Hancko,sk SVK,DF,Atlético Madrid,es La Liga,27-346,1997.0,13,11,992,11.0,0,1,1,0,0,0,0,0,0.6,0.6,0.9,1.4,25,70,29,0.0,0.09,0.09,0.0,0.09,0.05,0.08,0.13,0.05,0.13,Matches,david hancko,30000000.0,27.0
897,Conrad Harder,dk DEN,FW,RB Leipzig,de Bundesliga,20-231,2005.0,9,1,163,1.8,0,0,0,0,0,0,2,0,0.2,0.2,0.3,0.4,7,3,12,0.0,0.0,0.0,0.0,0.0,0.1,0.14,0.24,0.1,0.24,Matches,conrad harder,24000000.0,20.0
904,Jorrel Hato,nl NED,DF,Chelsea,eng Premier League,19-262,2006.0,4,2,168,1.9,0,0,0,0,0,0,2,0,0.0,0.0,0.0,0.0,0,4,1,0.0,0.0,0.0,0.0,0.0,0.0,0.0,0.0,0.0,0.0,Matches,jorrel hato,40000000.0,19.0
905,Kai Havertz,de GER,FW,Arsenal,eng Premier League,26-166,1999.0,1,0,31,0.3,0,0,0,0,0,0,0,0,0.0,0.0,0.0,0.0,1,2,2,0.0,0.0,0.0,0.0,0.0,0.0,0.0,0.0,0.0,0.0,Matches,kai havertz,60000000.0,26.0
907,Jan Paul van Hecke,nl NED,DF,Brighton,eng Premier League,25-169,2000.0,12,12,1080,12.0,1,0,1,1,0,0,3,0,0.7,0.7,0.1,0.8,26,90,4,0.08,0.0,0.08,0.08,0.08,0.06,0.01,0.07,0.06,0.07,Matches,jan paul van hecke,35000000.0,25.0
912,Dean Henderson,eng ENG,GK,Crystal Palace,eng Premier League,28-257,1997.0,12,12,1080,12.0,0,0,0,0,0,0,1,0,0.0,0.0,0.0,0.0,0,0,0,0.0,0.0,0.0,0.0,0.0,0.0,0.0,0.0,0.0,0.0,Matches,dean henderson,25000000.0,28.0
915,Luis Henrique,br BRA,DF,Inter,it Serie A,23-345,2001.0,7,2,215,2.4,0,0,0,0,0,0,0,0,0.1,0.1,0.1,0.3,4,11,14,0.0,0.0,0.0,0.0,0.0,0.06,0.06,0.12,0.06,0.12,Matches,luis henrique,25000000.0,23.0
919,Lucas Hernández,fr FRA,DF,Paris S-G,fr Ligue 1,29-283,1996.0,8,7,587,6.5,0,0,0,0,0,0,2,0,0.1,0.1,0.2,0.2,8,37,4,0.0,0.0,0.0,0.0,0.0,0.01,0.02,0.04,0.01,0.04,Matches,lucas hernandez,25000000.0,29.0
929,Isak Hien,se SWE,DF,Atalanta,it Serie A,26-315,1999.0,11,11,926,10.3,0,0,0,0,0,0,2,0,0.4,0.4,0.1,0.4,1,23,3,0.0,0.0,0.0,0.0,0.0,0.03,0.01,0.04,0.03,0.04,Matches,isak hien,30000000.0,26.0
932,Piero Hincapié,ec ECU,DF,Arsenal,eng Premier League,23-319,2002.0,3,1,115,1.3,0,0,0,0,0,0,0,0,0.0,0.0,0.0,0.0,3,3,0,0.0,0.0,0.0,0.0,0.0,0.0,0.0,0.0,0.0,0.0,Matches,piero hincapie,50000000.0,23.0
934,Jack Hinshelwood,eng ENG,MF,Brighton,eng Premier League,20-227,2005.0,4,2,128,1.4,1,0,1,1,0,0,0,0,0.0,0.0,0.1,0.2,2,2,2,0.7,0.0,0.7,0.7,0.7,0.03,0.08,0.11,0.03,0.11,Matches,jack hinshelwood,24000000.0,20.0
949,Callum Hudson-Odoi,eng ENG,FW,Nott'ham Forest,eng Premier League,25-017,2000.0,11,6,575,6.4,1,0,1,1,0,0,0,0,0.6,0.6,1.9,2.5,36,29,80,0.16,0.0,0.16,0.16,0.16,0.09,0.3,0.39,0.09,0.39,Matches,callum hudsonodoi,30000000.0,25.0
951,Dean Huijsen,es ESP,DF,Real Madrid,es La Liga,20-224,2005.0,11,11,861,9.6,1,1,2,1,0,0,3,1,1.2,1.2,1.1,2.3,12,69,6,0.1,0.1,0.21,0.1,0.21,0.13,0.11,0.24,0.13,0.24,Matches,dean huijsen,70000000.0,20.0
955,Omari Hutchinson,eng ENG,"FW,MF",Nott'ham Forest,eng Premier League,22-025,2003.0,7,0,164,1.8,0,1,1,0,0,0,0,0,0.9,0.9,1.2,2.1,10,5,25,0.0,0.55,0.55,0.0,0.55,0.49,0.67,1.16,0.49,1.16,Matches,omari hutchinson,35000000.0,22.0
962,Rasmus Højlund,dk DEN,FW,Napoli,it Serie A,22-293,2003.0,8,7,581,6.5,2,1,3,2,0,0,1,0,1.3,1.3,0.6,1.9,9,12,36,0.31,0.15,0.46,0.31,0.46,0.21,0.09,0.3,0.21,0.3,Matches,rasmus hojlund,45000000.0,22.0
985,Alexander Isak,se SWE,FW,Liverpool,eng Premier League,26-064,1999.0,5,4,318,3.5,0,1,1,0,0,0,0,0,1.1,1.1,0.6,1.7,2,8,17,0.0,0.28,0.28,0.0,0.28,0.32,0.17,0.49,0.32,0.49,Matches,alexander isak,140000000.0,26.0
992,Alex Iwobi,ng NGA,"FW,MF",Fulham,eng Premier League,29-205,1996.0,12,12,986,11.0,1,2,3,1,0,0,2,0,0.6,0.6,1.9,2.5,46,67,61,0.09,0.18,0.27,0.09,0.27,0.06,0.17,0.23,0.06,0.23,Matches,alex iwobi,28000000.0,29.0
995,Nicolas Jackson,sn SEN,FW,Bayern Munich,de Bundesliga,24-157,2001.0,9,4,324,3.6,2,0,2,2,0,0,0,0,1.9,1.9,1.4,3.3,6,11,30,0.56,0.0,0.56,0.56,0.56,0.53,0.39,0.92,0.53,0.92,Matches,nicolas jackson,50000000.0,24.0
1001,Reece James,eng ENG,DF,Chelsea,eng Premier League,25-351,1999.0,12,8,754,8.4,1,2,3,1,0,0,2,0,0.5,0.5,1.8,2.2,9,53,22,0.12,0.24,0.36,0.12,0.36,0.06,0.21,0.27,0.06,0.27,Matches,reece james,35000000.0,25.0
1007,Ardon Jashari,ch SUI,MF,Milan,it Serie A,23-117,2002.0,1,0,17,0.2,0,0,0,0,0,0,0,0,0.0,0.0,0.0,0.0,0,1,1,0.0,0.0,0.0,0.0,0.0,0.09,0.0,0.09,0.09,0.09,Matches,ardon jashari,32000000.0,23.0
1008,Mikel Jauregizar,es ESP,MF,Athletic Club,es La Liga,22-011,2003.0,13,13,1137,12.6,1,0,1,1,0,0,1,0,0.8,0.8,0.5,1.2,9,72,15,0.08,0.0,0.08,0.08,0.08,0.06,0.04,0.1,0.06,0.1,Matches,mikel jauregizar,30000000.0,22.0
1019,João Pedro,br BRA,"FW,MF",Chelsea,eng Premier League,24-059,2001.0,12,12,1005,11.2,4,3,7,4,0,0,1,0,4.0,4.0,2.4,6.5,30,39,68,0.36,0.27,0.63,0.36,0.63,0.36,0.22,0.58,0.36,0.58,Matches,joao pedro,65000000.0,24.0
1020,Joelinton,br BRA,MF,Newcastle Utd,eng Premier League,29-102,1996.0,10,10,737,8.2,0,0,0,0,0,0,3,0,0.7,0.7,0.9,1.5,12,39,32,0.0,0.0,0.0,0.0,0.0,0.08,0.11,0.19,0.08,0.19,Matches,joelinton,35000000.0,29.0
1025,Brennan Johnson,wls WAL,FW,Tottenham,eng Premier League,24-185,2001.0,12,5,484,5.4,2,0,2,2,0,0,2,0,1.0,1.0,0.3,1.2,10,7,31,0.37,0.0,0.37,0.37,0.37,0.18,0.05,0.23,0.18,0.23,Matches,brennan johnson,40000000.0,24.0
1028,Curtis Jones,eng ENG,MF,Liverpool,eng Premier League,24-298,2001.0,10,3,421,4.7,0,0,0,0,0,0,1,0,0.4,0.4,0.4,0.7,15,59,17,0.0,0.0,0.0,0.0,0.0,0.08,0.08,0.16,0.08,0.16,Matches,curtis jones,45000000.0,24.0
1029,Frenkie de Jong,nl NED,MF,Barcelona,es La Liga,28-196,1997.0,10,9,820,9.1,0,2,2,0,0,0,3,1,0.2,0.2,1.0,1.3,28,80,14,0.0,0.22,0.22,0.0,0.22,0.02,0.11,0.14,0.02,0.14,Matches,frenkie de jong,45000000.0,28.0
1040,Vinicius Júnior,br BRA,"FW,MF",Real Madrid,es La Liga,25-135,2000.0,13,10,898,10.0,5,4,9,4,1,2,2,0,4.6,3.0,2.7,5.7,89,48,159,0.5,0.4,0.9,0.4,0.8,0.46,0.27,0.73,0.3,0.57,Matches,vinicius junior,150000000.0,25.0
1050,Ferdi Kadioglu,tr TUR,"DF,FW",Brighton,eng Premier League,26-048,1999.0,11,8,827,9.2,0,0,0,0,0,0,3,0,0.3,0.3,0.4,0.7,28,37,41,0.0,0.0,0.0,0.0,0.0,0.03,0.04,0.08,0.03,0.08,Matches,ferdi kadioglu,25000000.0,26.0
1053,Arnaud Kalimuendo,fr FRA,FW,Nott'ham Forest,eng Premier League,23-308,2002.0,6,0,71,0.8,0,0,0,0,0,0,0,0,0.4,0.4,0.0,0.4,4,2,12,0.0,0.0,0.0,0.0,0.0,0.44,0.02,0.46,0.44,0.46,Matches,arnaud kalimuendo,30000000.0,23.0
1054,Pierre Kalulu,fr FRA,DF,Juventus,it Serie A,25-172,2000.0,12,12,1080,12.0,0,0,0,0,0,0,0,0,0.5,0.5,1.3,1.8,29,76,43,0.0,0.0,0.0,0.0,0.0,0.04,0.11,0.15,0.04,0.15,Matches,pierre kalulu,28000000.0,25.0
1060,Boubacar Kamara,fr FRA,MF,Aston Villa,eng Premier League,26-001,1999.0,10,9,735,8.2,0,2,2,0,0,0,3,0,0.1,0.1,0.5,0.6,7,45,3,0.0,0.24,0.24,0.0,0.24,0.01,0.07,0.08,0.01,0.08,Matches,boubacar kamara,40000000.0,26.0
1065,Harry Kane,eng ENG,"FW,MF",Bayern Munich,de Bundesliga,32-119,1993.0,11,10,873,9.7,14,3,17,10,4,4,0,0,7.5,4.4,3.0,7.4,11,37,41,1.44,0.31,1.75,1.03,1.34,0.78,0.31,1.09,0.45,0.76,Matches,harry kane,75000000.0,32.0
1078,Moise Kean,it ITA,FW,Fiorentina,it Serie A,25-269,2000.0,11,11,976,10.8,2,1,3,1,1,1,2,0,5.9,5.2,0.0,5.2,16,6,47,0.18,0.09,0.28,0.09,0.18,0.55,0.0,0.55,0.48,0.48,Matches,moise kean,50000000.0,25.0
1090,Milos Kerkez,hu HUN,DF,Liverpool,eng Premier League,22-017,2003.0,11,10,762,8.5,1,0,1,1,0,0,3,0,1.0,1.0,0.8,1.7,13,39,46,0.12,0.0,0.12,0.12,0.12,0.11,0.09,0.21,0.11,0.21,Matches,milos kerkez,45000000.0,22.0
1091,Kevin,br BRA,"FW,MF",Fulham,eng Premier League,22-324,2003.0,9,3,381,4.2,0,0,0,0,0,0,1,0,0.4,0.4,0.3,0.6,31,12,39,0.0,0.0,0.0,0.0,0.0,0.08,0.07,0.15,0.08,0.15,Matches,kevin,30000000.0,22.0
1093,Bilal El Khannouss,ma MAR,"MF,FW",Stuttgart,de Bundesliga,21-198,2004.0,9,8,710,7.9,2,3,5,2,0,0,2,0,1.0,1.0,1.9,2.8,26,53,53,0.25,0.38,0.63,0.25,0.63,0.12,0.24,0.36,0.12,0.36,Matches,bilal el khannouss,28000000.0,21.0
1095,Abdukodir Khusanov,uz UZB,DF,Manchester City,eng Premier League,21-268,2004.0,4,3,228,2.5,0,0,0,0,0,0,1,0,0.0,0.0,0.0,0.0,2,5,4,0.0,0.0,0.0,0.0,0.0,0.0,0.0,0.0,0.0,0.0,Matches,abdukodir khusanov,35000000.0,21.0
1100,Joshua Kimmich,de GER,MF,Bayern Munich,de Bundesliga,30-289,1995.0,10,8,779,8.7,1,2,3,1,0,0,3,0,0.9,0.9,1.3,2.2,11,78,19,0.12,0.23,0.35,0.12,0.35,0.1,0.15,0.25,0.1,0.25,Matches,joshua kimmich,45000000.0,30.0
1104,Justin Kluivert,nl NED,MF,Bournemouth,eng Premier League,26-203,1999.0,10,4,398,4.4,1,0,1,1,0,0,2,0,0.5,0.5,0.4,0.9,10,13,30,0.23,0.0,0.23,0.23,0.23,0.1,0.09,0.2,0.1,0.2,Matches,justin kluivert,35000000.0,26.0
1108,Gregor Kobel,ch SUI,GK,Dortmund,de Bundesliga,27-353,1997.0,11,11,990,11.0,0,0,0,0,0,0,1,0,0.0,0.0,0.0,0.0,0,0,0,0.0,0.0,0.0,0.0,0.0,0.0,0.0,0.0,0.0,0.0,Matches,gregor kobel,40000000.0,27.0
1119,Randal Kolo Muani,fr FRA,FW,Tottenham,eng Premier League,26-354,1998.0,5,3,215,2.4,0,0,0,0,0,0,0,0,0.1,0.1,0.1,0.2,2,0,13,0.0,0.0,0.0,0.0,0.0,0.06,0.03,0.08,0.06,0.08,Matches,randal kolo muani,30000000.0,26.0
1122,Ibrahima Konaté,fr FRA,DF,Liverpool,eng Premier League,26-183,1999.0,12,12,976,10.8,0,0,0,0,0,0,2,0,0.8,0.8,0.5,1.3,12,45,0,0.0,0.0,0.0,0.0,0.0,0.07,0.05,0.12,0.07,0.12,Matches,ibrahima konate,55000000.0,26.0
1125,Manu Koné,fr FRA,MF,Roma,it Serie A,24-191,2001.0,12,12,1080,12.0,0,1,1,0,0,0,0,0,1.0,1.0,1.0,2.0,18,79,16,0.0,0.08,0.08,0.0,0.08,0.08,0.08,0.17,0.08,0.17,Matches,manu kone,50000000.0,24.0
1127,Ezri Konsa,eng ENG,DF,Aston Villa,eng Premier League,28-032,1997.0,11,11,965,10.7,0,0,0,0,0,0,0,1,0.0,0.0,0.0,0.1,5,29,3,0.0,0.0,0.0,0.0,0.0,0.0,0.0,0.01,0.0,0.01,Matches,ezri konsa,35000000.0,28.0
1128,Teun Koopmeiners,nl NED,"MF,DF",Juventus,it Serie A,27-269,1998.0,11,7,683,7.6,0,0,0,0,0,0,4,0,0.6,0.6,0.5,1.0,20,51,17,0.0,0.0,0.0,0.0,0.0,0.07,0.06,0.13,0.07,0.13,Matches,teun koopmeiners,30000000.0,27.0
1129,Odilon Kossounou,ci CIV,DF,Atalanta,it Serie A,24-324,2001.0,8,6,537,6.0,0,0,0,0,0,0,0,0,0.0,0.0,0.0,0.0,4,28,5,0.0,0.0,0.0,0.0,0.0,0.0,0.01,0.01,0.0,0.01,Matches,odilon kossounou,25000000.0,24.0
1131,Charalampos Kostoulas,gr GRE,"MF,FW",Brighton,eng Premier League,18-178,2007.0,4,0,32,0.4,1,0,1,1,0,0,0,0,0.2,0.2,0.0,0.2,1,0,2,2.81,0.0,2.81,2.81,2.81,0.7,0.0,0.7,0.7,0.7,Matches,charalampos kostoulas,25000000.0,18.0
1136,Konstantinos Koulierakis,gr GRE,DF,Wolfsburg,de Bundesliga,21-361,2003.0,10,9,855,9.5,0,0,0,0,0,0,1,0,1.4,1.4,0.3,1.7,6,29,3,0.0,0.0,0.0,0.0,0.0,0.14,0.03,0.17,0.14,0.17,Matches,konstantinos koulierakis,25000000.0,21.0
1138,Jules Koundé,fr FRA,DF,Barcelona,es La Liga,27-012,1998.0,12,9,848,9.4,1,0,1,1,0,0,2,0,0.5,0.5,0.3,0.8,18,44,40,0.11,0.0,0.11,0.11,0.11,0.05,0.03,0.08,0.05,0.08,Matches,jules kounde,65000000.0,27.0
1153,Nikola Krstović,me MNE,FW,Atalanta,it Serie A,25-233,2000.0,10,5,490,5.4,2,3,5,2,0,0,1,0,3.4,3.4,0.5,4.0,9,15,36,0.37,0.55,0.92,0.37,0.92,0.63,0.1,0.73,0.63,0.73,Matches,nikola krstovic,24000000.0,25.0
1155,Takefusa Kubo,jp JPN,"MF,FW",Real Sociedad,es La Liga,24-173,2001.0,11,6,593,6.6,1,0,1,1,0,0,0,0,1.2,1.2,1.0,2.2,28,19,62,0.15,0.0,0.15,0.15,0.15,0.18,0.15,0.33,0.18,0.33,Matches,takefusa kubo,30000000.0,24.0
1156,Mohammed Kudus,gh GHA,"FW,MF",Tottenham,eng Premier League,25-114,2000.0,11,11,952,10.6,1,4,5,1,0,0,3,0,1.5,1.5,2.0,3.5,33,23,80,0.09,0.38,0.47,0.09,0.47,0.14,0.19,0.33,0.14,0.33,Matches,mohammed kudus,55000000.0,25.0
1163,Khvicha Kvaratskhelia,ge GEO,FW,Paris S-G,fr Ligue 1,24-285,2001.0,11,6,517,5.7,1,3,4,1,0,0,1,0,1.4,1.4,1.9,3.3,31,26,87,0.17,0.52,0.7,0.17,0.7,0.25,0.33,0.58,0.25,0.58,Matches,khvicha kvaratskhelia,90000000.0,24.0
1167,Maxence Lacroix,fr FRA,DF,Crystal Palace,eng Premier League,25-232,2000.0,12,12,1080,12.0,0,2,2,0,0,0,1,0,0.5,0.5,0.8,1.3,1,18,3,0.0,0.17,0.17,0.0,0.17,0.04,0.07,0.11,0.04,0.11,Matches,maxence lacroix,32000000.0,25.0
1170,Konrad Laimer,at AUT,DF,Bayern Munich,de Bundesliga,28-181,1997.0,11,9,831,9.2,1,3,4,1,0,0,4,0,1.0,1.0,2.6,3.6,38,68,64,0.11,0.32,0.43,0.11,0.43,0.11,0.28,0.39,0.11,0.39,Matches,konrad laimer,25000000.0,28.0
1174,Noa Lang,nl NED,"FW,MF",Napoli,it Serie A,26-160,1999.0,9,2,228,2.5,1,0,1,1,0,0,2,0,0.6,0.6,0.3,0.9,11,16,33,0.39,0.0,0.39,0.39,0.39,0.24,0.12,0.36,0.24,0.36,Matches,noa lang,25000000.0,26.0
1176,Hugo Larsson,se SWE,MF,Eint Frankfurt,de Bundesliga,21-150,2004.0,8,6,515,5.7,0,2,2,0,0,0,0,0,0.1,0.1,0.3,0.5,1,24,16,0.0,0.35,0.35,0.0,0.35,0.03,0.06,0.08,0.03,0.08,Matches,hugo larsson,40000000.0,21.0
1181,Roméo Lavia,be BEL,MF,Chelsea,eng Premier League,21-322,2004.0,4,1,108,1.2,0,0,0,0,0,0,0,0,0.0,0.0,0.0,0.0,1,9,1,0.0,0.0,0.0,0.0,0.0,0.0,0.0,0.0,0.0,0.0,Matches,romeo lavia,35000000.0,21.0
1188,Robin Le Normand,es ESP,DF,Atlético Madrid,es La Liga,29-013,1996.0,10,10,886,9.8,1,0,1,1,0,0,2,0,0.4,0.4,0.0,0.4,3,32,0,0.1,0.0,0.1,0.1,0.1,0.04,0.0,0.04,0.04,0.04,Matches,robin le normand,35000000.0,29.0
1190,Rafael Leão,pt POR,FW,Milan,it Serie A,26-167,1999.0,8,6,538,6.0,4,1,5,2,2,2,1,0,3.2,1.6,2.0,3.6,20,18,37,0.67,0.17,0.84,0.33,0.5,0.54,0.33,0.87,0.27,0.61,Matches,rafael leao,70000000.0,26.0
1212,Jamie Leweling,de GER,FW,Stuttgart,de Bundesliga,24-271,2001.0,10,8,732,8.1,0,3,3,0,0,0,2,0,1.0,1.0,1.7,2.7,41,19,88,0.0,0.37,0.37,0.0,0.37,0.12,0.21,0.33,0.12,0.33,Matches,jamie leweling,25000000.0,24.0
1213,Rico Lewis,eng ENG,DF,Manchester City,eng Premier League,21-003,2004.0,5,2,175,1.9,0,1,1,0,0,0,0,0,0.0,0.0,1.0,1.0,2,19,9,0.0,0.51,0.51,0.0,0.51,0.01,0.52,0.53,0.01,0.53,Matches,rico lewis,40000000.0,21.0
1214,Keane Lewis-Potter,eng ENG,"DF,FW",Brentford,eng Premier League,24-275,2001.0,10,5,476,5.3,0,1,1,0,0,0,1,0,0.2,0.2,0.6,0.8,10,9,20,0.0,0.19,0.19,0.0,0.19,0.04,0.12,0.15,0.04,0.15,Matches,keane lewispotter,25000000.0,24.0
1215,Myles Lewis-Skelly,eng ENG,DF,Arsenal,eng Premier League,19-059,2006.0,8,0,93,1.0,0,0,0,0,0,0,1,0,0.0,0.0,0.0,0.0,1,2,6,0.0,0.0,0.0,0.0,0.0,0.0,0.0,0.0,0.0,0.0,Matches,myles lewisskelly,45000000.0,19.0
1217,Matthijs de Ligt,nl NED,DF,Manchester Utd,eng Premier League,26-104,1999.0,11,11,990,11.0,1,0,1,1,0,0,0,0,1.0,1.0,0.5,1.5,3,16,7,0.09,0.0,0.09,0.09,0.09,0.09,0.05,0.14,0.09,0.14,Matches,matthijs de ligt,38000000.0,26.0
1227,Marcos Llorente,es ESP,DF,Atlético Madrid,es La Liga,30-298,1995.0,13,13,1093,12.1,0,3,3,0,0,0,3,0,1.2,1.2,1.5,2.7,39,59,74,0.0,0.25,0.25,0.0,0.25,0.1,0.12,0.22,0.1,0.22,Matches,marcos llorente,25000000.0,30.0
1231,Stanislav Lobotka,sk SVK,MF,Napoli,it Serie A,30-364,1994.0,9,7,609,6.8,0,1,1,0,0,0,0,0,0.0,0.0,0.3,0.3,7,40,3,0.0,0.15,0.15,0.0,0.15,0.0,0.05,0.05,0.0,0.05,Matches,stanislav lobotka,25000000.0,30.0
1232,Manuel Locatelli,it ITA,MF,Juventus,it Serie A,27-320,1998.0,11,11,846,9.4,0,0,0,0,0,0,3,0,0.7,0.7,0.4,1.1,13,88,5,0.0,0.0,0.0,0.0,0.0,0.08,0.04,0.12,0.08,0.12,Matches,manuel locatelli,30000000.0,27.0
1236,Ademola Lookman,ng NGA,"FW,MF",Atalanta,it Serie A,28-035,1997.0,8,6,527,5.9,1,0,1,1,0,0,0,0,1.6,1.6,0.6,2.1,33,18,51,0.17,0.0,0.17,0.17,0.17,0.27,0.1,0.36,0.27,0.36,Matches,ademola lookman,40000000.0,28.0
1242,Fermin López,es ESP,"MF,FW",Barcelona,es La Liga,22-197,2003.0,9,6,548,6.1,4,2,6,4,0,0,1,0,2.1,2.1,2.7,4.8,14,27,40,0.66,0.33,0.99,0.66,0.99,0.34,0.45,0.79,0.34,0.79,Matches,fermin lopez,60000000.0,22.0
1257,Lorenzo Lucca,it ITA,FW,Napoli,it Serie A,25-075,2000.0,11,4,376,4.2,1,0,1,1,0,0,1,0,1.0,1.0,0.1,1.1,7,4,27,0.24,0.0,0.24,0.24,0.24,0.25,0.01,0.26,0.25,0.26,Matches,lorenzo lucca,30000000.0,25.0
1258,Jhon Lucumí,co COL,DF,Bologna,it Serie A,27-151,1998.0,10,8,771,8.6,1,0,1,1,0,0,2,0,0.7,0.7,0.1,0.7,6,32,2,0.12,0.0,0.12,0.12,0.12,0.08,0.01,0.08,0.08,0.08,Matches,jhon lucumi,25000000.0,27.0
1263,Douglas Luiz,br BRA,MF,Nott'ham Forest,eng Premier League,27-199,1998.0,4,4,185,2.1,0,0,0,0,0,0,1,0,0.0,0.0,0.6,0.6,4,2,6,0.0,0.0,0.0,0.0,0.0,0.01,0.27,0.28,0.01,0.28,Matches,douglas luiz,30000000.0,27.0
1264,Castello Lukeba,fr FRA,DF,RB Leipzig,de Bundesliga,22-342,2002.0,10,10,900,10.0,1,0,1,1,0,0,0,0,1.0,1.0,0.0,1.0,6,33,3,0.1,0.0,0.1,0.1,0.1,0.1,0.0,0.1,0.1,0.1,Matches,castello lukeba,40000000.0,22.0
1274,Ian Maatsen,nl NED,DF,Aston Villa,eng Premier League,23-259,2002.0,8,1,223,2.5,0,0,0,0,0,0,1,0,0.3,0.3,0.3,0.6,8,19,20,0.0,0.0,0.0,0.0,0.0,0.12,0.11,0.23,0.12,0.23,Matches,ian maatsen,25000000.0,23.0
1275,Alexis Mac Allister,ar ARG,MF,Liverpool,eng Premier League,26-335,1998.0,11,10,728,8.1,0,2,2,0,0,0,1,0,1.2,1.2,1.4,2.5,14,32,23,0.0,0.25,0.25,0.0,0.25,0.15,0.17,0.31,0.15,0.31,Matches,alexis mac allister,100000000.0,26.0
1281,Noni Madueke,eng ENG,FW,Arsenal,eng Premier League,23-259,2002.0,6,4,317,3.5,0,0,0,0,0,0,0,0,0.3,0.3,0.8,1.1,19,10,45,0.0,0.0,0.0,0.0,0.0,0.08,0.24,0.32,0.08,0.32,Matches,noni madueke,50000000.0,23.0
1283,Gabriel Magalhães,br BRA,DF,Arsenal,eng Premier League,27-340,1997.0,11,11,990,11.0,1,2,3,1,0,0,1,0,0.8,0.8,1.4,2.2,6,39,1,0.09,0.18,0.27,0.09,0.27,0.07,0.13,0.2,0.07,0.2,Matches,gabriel magalhaes,75000000.0,27.0
1289,Mike Maignan,fr FRA,GK,Milan,it Serie A,30-144,1995.0,11,11,955,10.6,0,0,0,0,0,0,0,0,0.0,0.0,0.0,0.0,0,0,0,0.0,0.0,0.0,0.0,0.0,0.0,0.0,0.0,0.0,0.0,Matches,mike maignan,25000000.0,30.0
1292,Kobbie Mainoo,eng ENG,MF,Manchester Utd,eng Premier League,20-219,2005.0,7,0,144,1.6,0,0,0,0,0,0,0,0,0.1,0.1,0.2,0.2,5,7,4,0.0,0.0,0.0,0.0,0.0,0.04,0.11,0.15,0.04,0.15,Matches,kobbie mainoo,45000000.0,20.0
1304,Donyell Malen,nl NED,FW,Aston Villa,eng Premier League,26-319,1999.0,12,3,386,4.3,3,1,4,3,0,0,0,0,2.0,2.0,0.4,2.4,11,11,23,0.7,0.23,0.93,0.7,0.93,0.47,0.08,0.56,0.47,0.56,Matches,donyell malen,25000000.0,26.0
1308,Giorgi Mamardashvili,ge GEO,GK,Liverpool,eng Premier League,25-056,2000.0,5,5,450,5.0,0,0,0,0,0,0,0,0,0.0,0.0,0.0,0.0,0,0,0,0.0,0.0,0.0,0.0,0.0,0.0,0.0,0.0,0.0,0.0,Matches,giorgi mamardashvili,28000000.0,25.0
1330,Omar Marmoush,eg EGY,"FW,MF",Manchester City,eng Premier League,26-290,1999.0,7,2,186,2.1,0,1,1,0,0,0,0,0,1.1,1.1,1.0,2.1,7,5,18,0.0,0.48,0.48,0.0,0.48,0.53,0.49,1.01,0.53,1.01,Matches,omar marmoush,75000000.0,26.0
1331,Marquinhos,br BRA,DF,Paris S-G,fr Ligue 1,31-194,1994.0,5,3,311,3.5,0,0,0,0,0,0,0,0,0.0,0.0,0.0,0.0,0,24,2,0.0,0.0,0.0,0.0,0.0,0.0,0.01,0.01,0.0,0.01,Matches,marquinhos,35000000.0,31.0
1339,Gabriel Martinelli,br BRA,"FW,MF",Arsenal,eng Premier League,24-159,2001.0,8,2,220,2.4,1,0,1,1,0,0,0,0,0.8,0.8,0.1,0.9,7,5,10,0.41,0.0,0.41,0.41,0.41,0.32,0.05,0.37,0.32,0.37,Matches,gabriel martinelli,45000000.0,24.0
1343,Lautaro Martínez,ar ARG,FW,Inter,it Serie A,28-094,1997.0,12,11,883,9.8,4,2,6,4,0,0,2,0,4.4,4.4,1.6,6.0,11,28,70,0.41,0.2,0.61,0.41,0.61,0.45,0.16,0.61,0.45,0.61,Matches,lautaro martinez,85000000.0,28.0
1352,Franco Mastantuono,ar ARG,"FW,DF",Real Madrid,es La Liga,18-102,2007.0,9,7,546,6.1,1,0,1,1,0,0,3,0,2.0,2.0,0.7,2.7,7,18,69,0.16,0.0,0.16,0.16,0.16,0.33,0.11,0.44,0.33,0.44,Matches,franco mastantuono,50000000.0,18.0
1356,Pape Matar Sarr,sn SEN,MF,Tottenham,eng Premier League,23-071,2002.0,11,6,598,6.6,2,2,4,2,0,0,0,0,0.7,0.7,0.6,1.4,11,21,23,0.3,0.3,0.6,0.3,0.6,0.11,0.09,0.2,0.11,0.2,Matches,pape matar sarr,35000000.0,23.0
1357,Jean-Philippe Mateta,fr FRA,FW,Crystal Palace,eng Premier League,28-149,1997.0,12,12,1018,11.3,6,0,6,4,2,2,2,0,8.4,6.8,0.3,7.1,7,11,52,0.53,0.0,0.53,0.35,0.35,0.74,0.02,0.77,0.6,0.63,Matches,jeanphilippe mateta,35000000.0,28.0
1360,Chrislain Matsima,fr FRA,DF,Augsburg,de Bundesliga,23-193,2002.0,11,11,990,11.0,1,1,2,1,0,0,4,0,0.3,0.3,0.5,0.8,2,39,3,0.09,0.09,0.18,0.09,0.18,0.03,0.05,0.07,0.03,0.07,Matches,chrislain matsima,22000000.0,23.0
1368,Senny Mayulu,fr FRA,"MF,FW",Paris S-G,fr Ligue 1,19-191,2006.0,10,8,634,7.0,1,1,2,1,0,0,1,0,1.8,1.8,1.1,2.9,17,15,42,0.14,0.14,0.28,0.14,0.28,0.25,0.16,0.41,0.25,0.41,Matches,senny mayulu,25000000.0,19.0
1370,Noussair Mazraoui,ma MAR,DF,Manchester Utd,eng Premier League,28-010,1997.0,5,3,202,2.2,0,0,0,0,0,0,1,0,0.0,0.0,0.0,0.0,8,24,15,0.0,0.0,0.0,0.0,0.0,0.0,0.0,0.0,0.0,0.0,Matches,noussair mazraoui,25000000.0,28.0
1375,Kylian Mbappé,fr FRA,FW,Real Madrid,es La Liga,26-339,1998.0,13,13,1133,12.6,13,3,16,10,3,4,3,0,11.7,8.5,3.3,11.8,55,60,116,1.03,0.24,1.27,0.79,1.03,0.93,0.26,1.19,0.68,0.94,Matches,kylian mbappe,180000000.0,26.0
1378,Bryan Mbeumo,cm CMR,MF,Manchester Utd,eng Premier League,26-109,1999.0,11,11,955,10.6,5,1,6,5,0,0,0,0,3.2,3.2,2.5,5.7,29,29,97,0.47,0.09,0.57,0.47,0.57,0.3,0.23,0.54,0.3,0.54,Matches,bryan mbeumo,70000000.0,26.0
1382,James Mcatee,eng ENG,"MF,FW",Nott'ham Forest,eng Premier League,23-037,2002.0,4,1,129,1.4,0,0,0,0,0,0,0,0,0.0,0.0,0.4,0.4,4,9,8,0.0,0.0,0.0,0.0,0.0,0.01,0.25,0.26,0.01,0.26,Matches,james mcatee,25000000.0,23.0
1386,Dwight McNeil,eng ENG,"FW,MF",Everton,eng Premier League,26-002,1999.0,3,0,54,0.6,0,0,0,0,0,0,0,0,0.2,0.2,0.1,0.4,0,0,2,0.0,0.0,0.0,0.0,0.0,0.41,0.24,0.65,0.41,0.65,Matches,dwight mcneil,22000000.0,26.0
1387,Scott McTominay,sct SCO,MF,Napoli,it Serie A,28-351,1996.0,11,10,901,10.0,2,2,4,2,0,0,0,0,2.6,2.6,0.5,3.1,11,24,52,0.2,0.2,0.4,0.2,0.4,0.26,0.05,0.31,0.26,0.31,Matches,scott mctominay,50000000.0,28.0
1388,Facundo Medina,ar ARG,DF,Marseille,fr Ligue 1,26-180,1999.0,2,2,144,1.6,0,0,0,0,0,0,0,0,0.0,0.0,0.0,0.0,3,13,3,0.0,0.0,0.0,0.0,0.0,0.0,0.0,0.0,0.0,0.0,Matches,facundo medina,25000000.0,26.0
1395,Nuno Mendes,pt POR,DF,Paris S-G,fr Ligue 1,23-158,2002.0,10,6,580,6.4,2,2,4,2,0,0,1,0,1.4,1.4,1.6,3.0,25,40,53,0.31,0.31,0.62,0.31,0.62,0.22,0.24,0.46,0.22,0.46,Matches,nuno mendes,75000000.0,23.0
1405,Mikel Merino,es ESP,"MF,FW",Arsenal,eng Premier League,29-155,1996.0,11,5,505,5.6,1,2,3,1,0,0,0,0,0.8,0.8,0.6,1.4,8,21,24,0.18,0.36,0.53,0.18,0.53,0.14,0.1,0.24,0.14,0.24,Matches,mikel merino,35000000.0,29.0
1414,Georges Mikautadze,ge GEO,FW,Villarreal,es La Liga,25-024,2000.0,8,5,457,5.1,2,2,4,2,0,0,0,0,2.0,2.0,0.9,2.9,9,11,31,0.39,0.39,0.79,0.39,0.79,0.38,0.18,0.57,0.38,0.57,Matches,georges mikautadze,30000000.0,25.0
1419,Nikola Milenković,rs SRB,DF,Nott'ham Forest,eng Premier League,28-043,1997.0,12,12,1080,12.0,0,0,0,0,0,0,1,0,0.6,0.6,0.3,0.9,5,33,0,0.0,0.0,0.0,0.0,0.0,0.05,0.02,0.07,0.05,0.07,Matches,nikola milenkovic,35000000.0,28.0
1420,Lewis Miley,eng ENG,MF,Newcastle Utd,eng Premier League,19-207,2006.0,8,2,275,3.1,0,1,1,0,0,0,0,0,0.0,0.0,0.3,0.3,2,10,9,0.0,0.33,0.33,0.0,0.33,0.01,0.09,0.1,0.01,0.1,Matches,lewis miley,22000000.0,19.0
1422,Éder Militão,br BRA,DF,Real Madrid,es La Liga,27-310,1998.0,10,9,810,9.0,1,1,2,1,0,0,2,0,0.7,0.7,0.9,1.6,3,33,1,0.11,0.11,0.22,0.11,0.22,0.08,0.1,0.18,0.07,0.18,Matches,eder militao,30000000.0,27.0
1433,Yankuba Minteh,gm GAM,FW,Brighton,eng Premier League,21-125,2004.0,12,12,1035,11.5,1,4,5,1,0,0,0,0,2.3,2.3,3.4,5.7,59,15,114,0.09,0.35,0.43,0.09,0.43,0.2,0.3,0.49,0.2,0.49,Matches,yankuba minteh,35000000.0,21.0
1438,Tyrick Mitchell,eng ENG,"DF,MF",Crystal Palace,eng Premier League,26-084,1999.0,12,12,1079,12.0,1,0,1,1,0,0,2,0,0.4,0.4,0.7,1.2,25,18,70,0.08,0.0,0.08,0.08,0.08,0.03,0.06,0.1,0.03,0.1,Matches,tyrick mitchell,25000000.0,26.0
1439,Kaoru Mitoma,jp JPN,FW,Brighton,eng Premier League,28-188,1997.0,6,6,508,5.6,1,1,2,1,0,0,1,0,0.8,0.8,1.1,1.8,13,13,37,0.18,0.18,0.35,0.18,0.35,0.13,0.19,0.32,0.13,0.32,Matches,kaoru mitoma,35000000.0,28.0
1450,Alberto Moleiro,es ESP,"MF,FW",Villarreal,es La Liga,22-055,2003.0,13,10,746,8.3,4,2,6,4,0,0,1,0,3.1,3.1,1.7,4.8,29,25,48,0.48,0.24,0.72,0.48,0.72,0.37,0.21,0.58,0.37,0.58,Matches,alberto moleiro,25000000.0,22.0
1472,Cristhian Mosquera,es ESP,DF,Arsenal,eng Premier League,21-150,2004.0,8,2,300,3.3,0,0,0,0,0,0,0,0,0.0,0.0,0.1,0.1,2,7,1,0.0,0.0,0.0,0.0,0.0,0.0,0.02,0.02,0.0,0.02,Matches,cristhian mosquera,35000000.0,21.0
1475,Mason Mount,eng ENG,MF,Manchester Utd,eng Premier League,26-318,1999.0,8,5,351,3.9,1,0,1,1,0,0,0,0,0.5,0.5,0.5,1.0,5,20,18,0.26,0.0,0.26,0.26,0.26,0.13,0.12,0.25,0.13,0.25,Matches,mason mount,28000000.0,26.0
1485,Rodrigo Muniz,br BRA,FW,Fulham,eng Premier League,24-204,2001.0,7,4,352,3.9,1,1,2,1,0,0,1,0,1.0,1.0,0.3,1.3,0,2,11,0.26,0.26,0.51,0.26,0.51,0.26,0.07,0.33,0.26,0.33,Matches,rodrigo muniz,25000000.0,24.0
1487,Daniel Muñoz,co COL,"DF,MF",Crystal Palace,eng Premier League,29-182,1996.0,12,12,1079,12.0,2,2,4,2,0,0,4,0,1.4,1.4,2.4,3.8,17,27,69,0.17,0.17,0.33,0.17,0.33,0.11,0.2,0.31,0.11,0.31,Matches,daniel munoz,25000000.0,29.0
1492,Murillo,br BRA,DF,Nott'ham Forest,eng Premier League,23-143,2002.0,9,9,739,8.2,1,0,1,1,0,0,2,0,0.3,0.3,0.2,0.4,3,40,0,0.12,0.0,0.12,0.12,0.12,0.03,0.02,0.05,0.03,0.05,Matches,murillo,55000000.0,23.0
1505,Vitaliy Mykolenko,ua UKR,DF,Everton,eng Premier League,26-179,1999.0,8,8,715,7.9,0,0,0,0,0,0,1,0,0.0,0.0,0.4,0.4,9,43,30,0.0,0.0,0.0,0.0,0.0,0.01,0.05,0.05,0.01,0.05,Matches,vitaliy mykolenko,25000000.0,26.0
1520,Iliman Ndiaye,sn SEN,FW,Everton,eng Premier League,25-263,2000.0,11,11,912,10.1,4,1,5,3,1,1,2,0,2.7,1.9,2.2,4.1,37,19,61,0.39,0.1,0.49,0.3,0.39,0.26,0.22,0.48,0.19,0.4,Matches,iliman ndiaye,35000000.0,25.0
1524,Dan Ndoye,ch SUI,FW,Nott'ham Forest,eng Premier League,25-030,2000.0,11,11,839,9.3,1,1,2,1,0,0,1,0,0.5,0.5,0.9,1.4,35,22,77,0.11,0.11,0.21,0.11,0.21,0.05,0.1,0.15,0.05,0.15,Matches,dan ndoye,40000000.0,25.0
1526,Paul Nebel,de GER,MF,Mainz 05,de Bundesliga,23-045,2002.0,9,9,777,8.6,1,0,1,1,0,0,2,1,2.0,2.0,0.8,2.9,12,28,75,0.12,0.0,0.12,0.12,0.12,0.23,0.1,0.33,0.23,0.33,Matches,paul nebel,24000000.0,23.0
1532,David Neres,br BRA,"FW,MF",Napoli,it Serie A,28-266,1997.0,10,5,496,5.5,2,2,4,2,0,0,2,0,0.7,0.7,1.0,1.7,24,16,55,0.36,0.36,0.73,0.36,0.73,0.13,0.18,0.31,0.13,0.31,Matches,david neres,24000000.0,28.0
1534,Pedro Neto,pt POR,FW,Chelsea,eng Premier League,25-260,2000.0,12,12,919,10.2,4,2,6,4,0,0,1,0,2.5,2.5,2.0,4.4,47,32,89,0.39,0.2,0.59,0.39,0.59,0.24,0.19,0.44,0.24,0.44,Matches,pedro neto,55000000.0,25.0
1538,João Neves,pt POR,MF,Paris S-G,fr Ligue 1,21-058,2004.0,7,5,465,5.2,5,0,5,5,0,0,0,0,1.3,1.3,0.9,2.2,8,29,23,0.97,0.0,0.97,0.97,0.97,0.25,0.18,0.43,0.25,0.43,Matches,joao neves,90000000.0,21.0
1560,Christopher Nkunku,fr FRA,FW,Milan,it Serie A,28-010,1997.0,8,2,267,3.0,0,1,1,0,0,0,0,0,1.2,1.2,0.1,1.3,1,8,20,0.0,0.34,0.34,0.0,0.34,0.4,0.04,0.44,0.4,0.44,Matches,christopher nkunku,35000000.0,28.0
1561,Felix Nmecha,de GER,MF,Dortmund,de Bundesliga,25-045,2000.0,11,8,709,7.9,1,1,2,1,0,0,0,0,0.9,0.9,0.4,1.4,10,34,18,0.13,0.13,0.25,0.13,0.25,0.12,0.06,0.17,0.12,0.17,Matches,felix nmecha,35000000.0,25.0
1568,Matheus Nunes,pt POR,DF,Manchester City,eng Premier League,27-089,1998.0,10,8,784,8.7,1,1,2,1,0,0,1,0,0.2,0.2,0.3,0.5,19,40,28,0.11,0.11,0.23,0.11,0.23,0.03,0.03,0.06,0.03,0.06,Matches,matheus nunes,35000000.0,27.0
1571,Antonio Nusa,no NOR,FW,RB Leipzig,de Bundesliga,20-221,2005.0,10,8,681,7.6,1,1,2,1,0,0,0,0,1.7,1.7,1.3,3.1,39,20,51,0.13,0.13,0.26,0.13,0.26,0.23,0.18,0.4,0.23,0.4,Matches,antonio nusa,28000000.0,20.0
1572,Ethan Nwaneri,eng ENG,MF,Arsenal,eng Premier League,18-248,2007.0,6,0,171,1.9,0,0,0,0,0,0,0,0,0.2,0.2,0.0,0.3,7,14,6,0.0,0.0,0.0,0.0,0.0,0.12,0.02,0.14,0.12,0.14,Matches,ethan nwaneri,45000000.0,18.0
1590,Michael Olise,fr FRA,FW,Bayern Munich,de Bundesliga,23-347,2001.0,11,9,858,9.5,6,6,12,6,0,0,3,0,5.2,5.2,4.7,9.9,52,61,119,0.63,0.63,1.26,0.63,1.26,0.54,0.49,1.03,0.54,1.03,Matches,michael olise,130000000.0,23.0
1593,Dani Olmo,es ESP,MF,Barcelona,es La Liga,27-201,1998.0,11,6,679,7.5,1,2,3,1,0,0,0,0,1.8,1.8,1.8,3.6,13,41,48,0.13,0.27,0.4,0.13,0.4,0.24,0.24,0.48,0.24,0.48,Matches,dani olmo,60000000.0,27.0
1597,Amadou Onana,be BEL,MF,Aston Villa,eng Premier League,24-100,2001.0,7,6,485,5.4,1,0,1,1,0,0,2,0,0.3,0.3,0.0,0.3,3,22,2,0.19,0.0,0.19,0.19,0.19,0.05,0.0,0.05,0.05,0.05,Matches,amadou onana,42000000.0,24.0
1600,Loïs Openda,be BEL,"FW,MF",Juventus,it Serie A,25-281,2000.0,9,3,299,3.3,0,0,0,0,0,0,0,0,0.9,0.9,0.1,1.0,8,4,33,0.0,0.0,0.0,0.0,0.0,0.27,0.04,0.31,0.27,0.31,Matches,lois openda,45000000.0,25.0
1610,Riccardo Orsolini,it ITA,FW,Bologna,it Serie A,28-304,1997.0,12,10,819,9.1,5,1,6,3,2,3,1,0,4.1,1.8,0.8,2.5,25,23,70,0.55,0.11,0.66,0.33,0.44,0.45,0.08,0.54,0.19,0.28,Matches,riccardo orsolini,25000000.0,28.0
1619,Dango Ouattara,bf BFA,FW,Brentford,eng Premier League,23-286,2002.0,11,8,705,7.8,2,0,2,2,0,0,3,0,2.5,2.5,0.7,3.3,20,11,52,0.26,0.0,0.26,0.26,0.26,0.32,0.1,0.42,0.32,0.42,Matches,dango ouattara,35000000.0,23.0
1629,Nico O’Reilly,eng ENG,DF,Manchester City,eng Premier League,20-248,2005.0,11,8,776,8.6,1,2,3,1,0,0,2,0,1.0,1.0,1.4,2.4,28,17,45,0.12,0.23,0.35,0.12,0.35,0.12,0.16,0.28,0.12,0.28,Matches,nico oreilly,30000000.0,20.0
1631,Willian Pacho,ec ECU,DF,Paris S-G,fr Ligue 1,24-039,2001.0,8,6,564,6.3,0,0,0,0,0,0,0,0,0.1,0.1,0.1,0.2,2,18,0,0.0,0.0,0.0,0.0,0.0,0.02,0.01,0.03,0.02,0.03,Matches,willian pacho,65000000.0,24.0
1634,Igor Paixão,br BRA,"FW,MF",Marseille,fr Ligue 1,25-149,2000.0,10,8,667,7.4,2,1,3,2,0,0,1,0,2.0,2.0,0.5,2.5,24,17,78,0.27,0.13,0.4,0.27,0.4,0.27,0.06,0.34,0.27,0.34,Matches,igor paixao,35000000.0,25.0
1635,Exequiel Palacios,ar ARG,MF,Leverkusen,de Bundesliga,27-050,1998.0,2,1,44,0.5,0,0,0,0,0,0,0,0,0.0,0.0,0.0,0.0,1,4,1,0.0,0.0,0.0,0.0,0.0,0.0,0.0,0.0,0.0,0.0,Matches,exequiel palacios,30000000.0,27.0
1639,João Palhinha,pt POR,MF,Tottenham,eng Premier League,30-138,1995.0,12,11,951,10.6,2,2,4,2,0,0,3,0,0.7,0.7,0.1,0.8,4,31,10,0.19,0.19,0.38,0.19,0.38,0.06,0.01,0.08,0.06,0.08,Matches,joao palhinha,30000000.0,30.0
1641,Cole Palmer,eng ENG,MF,Chelsea,eng Premier League,23-202,2002.0,3,2,145,1.6,1,0,1,1,0,0,0,0,0.8,0.8,0.0,0.8,9,11,14,0.62,0.0,0.62,0.62,0.62,0.5,0.01,0.51,0.5,0.51,Matches,cole palmer,120000000.0,23.0
1646,Lucas Paquetá,br BRA,"MF,FW",West Ham,eng Premier League,28-089,1997.0,11,11,958,10.6,3,0,3,2,1,1,5,0,1.9,1.1,1.1,2.1,6,71,40,0.28,0.0,0.28,0.19,0.19,0.18,0.1,0.27,0.1,0.2,Matches,lucas paqueta,35000000.0,28.0
1648,Aitor Paredes,es ESP,DF,Athletic Club,es La Liga,25-209,2000.0,7,6,550,6.1,1,0,1,1,0,0,1,0,0.6,0.6,0.0,0.6,6,36,0,0.16,0.0,0.16,0.16,0.16,0.09,0.0,0.09,0.09,0.09,Matches,aitor paredes,22000000.0,25.0
1656,Aleksandar Pavlovic,de GER,MF,Bayern Munich,de Bundesliga,21-205,2004.0,9,4,462,5.1,1,1,2,1,0,0,2,0,0.2,0.2,0.7,0.9,10,30,13,0.19,0.19,0.39,0.19,0.39,0.04,0.15,0.18,0.04,0.18,Matches,aleksandar pavlovic,55000000.0,21.0
1663,Pedri,es ESP,MF,Barcelona,es La Liga,22-364,2002.0,10,10,844,9.4,2,1,3,2,0,0,2,1,0.9,0.9,2.0,2.9,44,107,40,0.21,0.11,0.32,0.21,0.32,0.1,0.22,0.31,0.1,0.31,Matches,pedri,140000000.0,22.0
1716,Pedro Porro,es ESP,DF,Tottenham,eng Premier League,26-072,1999.0,12,10,878,9.8,0,1,1,0,0,0,2,0,0.1,0.1,1.2,1.3,21,49,26,0.0,0.1,0.1,0.0,0.1,0.01,0.13,0.14,0.01,0.14,Matches,pedro porro,40000000.0,26.0
1730,Christian Pulisic,us USA,"FW,MF",Milan,it Serie A,27-067,1998.0,8,5,421,4.7,5,2,7,5,0,1,0,0,3.0,2.2,1.9,4.2,15,23,37,1.07,0.43,1.5,1.07,1.5,0.64,0.42,1.06,0.48,0.89,Matches,christian pulisic,60000000.0,27.0
1732,Jarell Quansah,eng ENG,DF,Leverkusen,de Bundesliga,22-299,2003.0,9,8,751,8.3,1,0,1,1,0,0,3,0,0.6,0.6,0.1,0.7,13,32,9,0.12,0.0,0.12,0.12,0.12,0.07,0.02,0.09,0.07,0.09,Matches,jarell quansah,35000000.0,22.0
1745,Gonçalo Ramos,pt POR,FW,Paris S-G,fr Ligue 1,24-157,2001.0,13,7,695,7.7,2,0,2,1,1,1,2,0,4.7,3.9,0.4,4.3,7,4,27,0.26,0.0,0.26,0.13,0.13,0.61,0.05,0.66,0.51,0.56,Matches,goncalo ramos,40000000.0,24.0
1748,Jacob Ramsey,eng ENG,MF,Newcastle Utd,eng Premier League,24-180,2001.0,5,1,193,2.1,0,0,0,0,0,0,1,0,0.0,0.0,0.4,0.4,8,11,14,0.0,0.0,0.0,0.0,0.0,0.01,0.19,0.2,0.01,0.2,Matches,jacob ramsey,40000000.0,24.0
1752,Raphinha,br BRA,"FW,MF",Barcelona,es La Liga,28-345,1996.0,7,5,391,4.3,3,2,5,3,0,0,2,0,2.2,2.2,1.4,3.6,16,14,51,0.69,0.46,1.15,0.69,1.15,0.51,0.32,0.83,0.51,0.83,Matches,raphinha,90000000.0,28.0
1753,Marcus Rashford,eng ENG,FW,Barcelona,es La Liga,28-024,1997.0,12,9,804,8.9,2,6,8,2,0,0,2,0,2.8,2.8,2.9,5.7,39,27,101,0.22,0.67,0.9,0.22,0.9,0.32,0.32,0.64,0.32,0.64,Matches,marcus rashford,40000000.0,28.0
1754,Giacomo Raspadori,it ITA,"FW,MF",Atlético Madrid,es La Liga,25-279,2000.0,8,1,174,1.9,0,0,0,0,0,0,0,0,0.7,0.7,0.5,1.2,3,4,17,0.0,0.0,0.0,0.0,0.0,0.36,0.26,0.62,0.36,0.62,Matches,giacomo raspadori,25000000.0,25.0
1759,David Raya,es ESP,GK,Arsenal,eng Premier League,30-070,1995.0,12,12,1080,12.0,0,0,0,0,0,0,1,0,0.0,0.0,0.1,0.1,0,4,0,0.0,0.0,0.0,0.0,0.0,0.0,0.0,0.0,0.0,0.0,Matches,david raya,40000000.0,30.0
1764,Tijjani Reijnders,nl NED,MF,Manchester City,eng Premier League,27-118,1998.0,11,9,772,8.6,1,2,3,1,0,0,2,0,1.5,1.5,1.4,2.9,24,41,29,0.12,0.23,0.35,0.12,0.35,0.18,0.16,0.34,0.18,0.34,Matches,tijjani reijnders,70000000.0,27.0
1766,Vitor Reis,br BRA,DF,Girona,es La Liga,19-316,2006.0,12,11,978,10.9,0,0,0,0,0,0,4,1,0.1,0.1,0.8,0.9,4,47,0,0.0,0.0,0.0,0.0,0.0,0.01,0.08,0.09,0.01,0.09,Matches,vitor reis,30000000.0,19.0
1776,Samuele Ricci,it ITA,MF,Milan,it Serie A,24-095,2001.0,9,5,506,5.6,1,1,2,1,0,0,0,0,1.0,1.0,0.3,1.3,10,22,15,0.18,0.18,0.36,0.18,0.36,0.17,0.06,0.23,0.17,0.23,Matches,samuele ricci,25000000.0,24.0
1777,Declan Rice,eng ENG,MF,Arsenal,eng Premier League,26-314,1999.0,12,11,984,10.9,2,3,5,2,0,0,1,0,1.3,1.3,2.2,3.5,29,82,28,0.18,0.27,0.46,0.18,0.46,0.12,0.2,0.32,0.12,0.32,Matches,declan rice,120000000.0,26.0
1778,Chris Richards,us USA,DF,Crystal Palace,eng Premier League,25-241,2000.0,12,12,1072,11.9,0,0,0,0,0,0,0,0,0.4,0.4,0.3,0.7,3,24,2,0.0,0.0,0.0,0.0,0.0,0.03,0.02,0.06,0.03,0.06,Matches,chris richards,22000000.0,25.0
1779,Richarlison,br BRA,FW,Tottenham,eng Premier League,28-198,1997.0,12,7,725,8.1,5,2,7,5,0,0,2,0,2.2,2.2,1.3,3.5,8,14,31,0.62,0.25,0.87,0.62,0.87,0.27,0.17,0.43,0.27,0.43,Matches,richarlison,25000000.0,28.0
1785,Chris Rigg,eng ENG,MF,Sunderland,eng Premier League,18-159,2007.0,6,3,187,2.1,0,0,0,0,0,0,0,0,0.1,0.1,0.1,0.2,1,3,6,0.0,0.0,0.0,0.0,0.0,0.05,0.04,0.09,0.05,0.09,Matches,chris rigg,25000000.0,18.0
1795,Antonee Robinson,us USA,DF,Fulham,eng Premier League,28-108,1997.0,3,0,64,0.7,0,0,0,0,0,0,0,0,0.0,0.0,0.0,0.0,4,5,10,0.0,0.0,0.0,0.0,0.0,0.0,0.04,0.04,0.0,0.04,Matches,antonee robinson,35000000.0,28.0
1800,Rodri,es ESP,MF,Manchester City,eng Premier League,29-155,1996.0,6,4,293,3.3,0,0,0,0,0,0,0,0,0.1,0.1,0.1,0.2,4,20,5,0.0,0.0,0.0,0.0,0.0,0.04,0.03,0.07,0.04,0.07,Matches,rodri,90000000.0,29.0
1806,Jesus Rodríguez,es ESP,FW,Como,it Serie A,20-003,2005.0,8,4,480,5.3,0,2,2,0,0,0,0,1,0.9,0.9,1.1,2.0,31,16,39,0.0,0.37,0.37,0.0,0.37,0.17,0.2,0.37,0.17,0.37,Matches,jesus rodriguez,30000000.0,20.0
1808,Rodrygo,br BRA,FW,Real Madrid,es La Liga,24-319,2001.0,11,3,317,3.5,0,0,0,0,0,0,1,0,0.7,0.7,0.6,1.3,26,12,49,0.0,0.0,0.0,0.0,0.0,0.2,0.18,0.38,0.2,0.38,Matches,rodrygo,80000000.0,24.0
1810,Morgan Rogers,eng ENG,"FW,MF",Aston Villa,eng Premier League,23-121,2002.0,12,12,1066,11.8,3,2,5,3,0,0,2,0,0.9,0.9,1.2,2.2,16,32,62,0.25,0.17,0.42,0.25,0.42,0.08,0.1,0.18,0.08,0.18,Matches,morgan rogers,65000000.0,23.0
1818,Cristian Romero,ar ARG,DF,Tottenham,eng Premier League,27-211,1998.0,10,9,838,9.3,0,1,1,0,0,0,5,0,0.4,0.4,0.2,0.6,2,42,0,0.0,0.11,0.11,0.0,0.11,0.04,0.02,0.06,0.04,0.06,Matches,cristian romero,55000000.0,27.0
1821,Rômulo,br BRA,FW,RB Leipzig,de Bundesliga,23-289,2002.0,10,9,805,8.9,4,3,7,4,0,0,0,0,4.7,4.7,1.4,6.1,7,22,37,0.45,0.34,0.78,0.45,0.78,0.52,0.15,0.68,0.52,0.68,Matches,romulo,22000000.0,23.0
1831,Nicolò Rovella,it ITA,MF,Lazio,it Serie A,23-355,2001.0,4,3,200,2.2,0,1,1,0,0,0,1,0,0.0,0.0,1.6,1.7,3,16,1,0.0,0.45,0.45,0.0,0.45,0.01,0.74,0.76,0.01,0.76,Matches,nicolo rovella,30000000.0,23.0
1844,Georginio Rutter,fr FRA,"MF,FW",Brighton,eng Premier League,23-218,2002.0,11,9,766,8.5,0,2,2,0,0,0,2,0,0.4,0.4,1.9,2.3,17,37,35,0.0,0.23,0.23,0.0,0.23,0.05,0.22,0.27,0.05,0.27,Matches,georginio rutter,32000000.0,23.0
1860,Bukayo Saka,eng ENG,FW,Arsenal,eng Premier League,24-080,2001.0,10,9,771,8.6,3,0,3,2,1,1,0,0,2.5,1.7,2.3,4.0,35,19,107,0.35,0.0,0.35,0.23,0.23,0.29,0.27,0.56,0.2,0.47,Matches,bukayo saka,140000000.0,24.0
1864,Mohamed Salah,eg EGY,FW,Liverpool,eng Premier League,33-162,1992.0,12,12,1073,11.9,4,2,6,3,1,1,1,0,3.8,3.0,2.3,5.3,47,50,153,0.34,0.17,0.5,0.25,0.42,0.32,0.19,0.51,0.25,0.45,Matches,mohamed salah,45000000.0,33.0
1868,William Saliba,fr FRA,DF,Arsenal,eng Premier League,24-245,2001.0,11,10,814,9.0,0,0,0,0,0,0,0,0,0.3,0.3,0.1,0.3,4,40,3,0.0,0.0,0.0,0.0,0.0,0.03,0.01,0.04,0.03,0.04,Matches,william saliba,80000000.0,24.0
1877,Oihan Sancet,es ESP,MF,Athletic Club,es La Liga,25-213,2000.0,10,9,670,7.4,1,0,1,0,1,1,1,1,2.1,1.3,0.8,2.1,13,31,48,0.13,0.0,0.13,0.0,0.0,0.29,0.1,0.39,0.18,0.28,Matches,oihan sancet,60000000.0,25.0
1885,Jadon Sancho,eng ENG,FW,Aston Villa,eng Premier League,25-244,2000.0,5,0,114,1.3,0,0,0,0,0,0,0,0,0.3,0.3,0.1,0.4,7,9,19,0.0,0.0,0.0,0.0,0.0,0.26,0.08,0.34,0.26,0.34,Matches,jadon sancho,25000000.0,25.0
1892,Ibrahim Sangaré,ci CIV,MF,Nott'ham Forest,eng Premier League,27-357,1997.0,9,7,591,6.6,1,0,1,1,0,0,2,0,0.6,0.6,0.1,0.7,5,39,3,0.15,0.0,0.15,0.15,0.15,0.09,0.01,0.1,0.09,0.1,Matches,ibrahim sangare,24000000.0,27.0
1896,Kaishu Sano,jp JPN,MF,Mainz 05,de Bundesliga,24-329,2000.0,11,11,990,11.0,1,1,2,1,0,0,0,0,0.7,0.7,1.1,1.8,15,75,26,0.09,0.09,0.18,0.09,0.18,0.06,0.1,0.16,0.06,0.16,Matches,kaishu sano,25000000.0,24.0
1901,Andrey Santos,br BRA,MF,Chelsea,eng Premier League,21-205,2004.0,9,3,323,3.6,0,0,0,0,0,0,2,0,0.7,0.7,0.1,0.8,4,15,10,0.0,0.0,0.0,0.0,0.0,0.2,0.03,0.23,0.2,0.23,Matches,andrey santos,35000000.0,21.0
1907,Ismaila Sarr,sn SEN,"MF,FW",Crystal Palace,eng Premier League,27-272,1998.0,10,10,881,9.8,3,1,4,3,0,0,1,0,3.8,3.8,0.7,4.6,26,30,47,0.31,0.1,0.41,0.31,0.41,0.39,0.07,0.47,0.39,0.47,Matches,ismaila sarr,30000000.0,27.0
1916,Giorgio Scalvini,it ITA,DF,Atalanta,it Serie A,21-348,2003.0,4,3,288,3.2,1,0,1,1,0,0,0,0,0.3,0.3,0.1,0.4,2,22,8,0.31,0.0,0.31,0.31,0.31,0.09,0.04,0.13,0.09,0.13,Matches,giorgio scalvini,35000000.0,21.0
1917,Gianluca Scamacca,it ITA,FW,Atalanta,it Serie A,26-327,1999.0,6,3,303,3.4,2,0,2,2,0,0,1,0,1.5,1.5,0.2,1.7,1,11,29,0.59,0.0,0.59,0.59,0.59,0.44,0.05,0.5,0.44,0.5,Matches,gianluca scamacca,24000000.0,26.0
1919,Kevin Schade,de GER,FW,Brentford,eng Premier League,23-362,2001.0,12,11,1010,11.2,3,1,4,3,0,1,4,0,3.2,2.4,1.2,3.6,21,11,37,0.27,0.09,0.36,0.27,0.36,0.28,0.1,0.39,0.21,0.32,Matches,kevin schade,30000000.0,23.0
1923,Patrik Schick,cz CZE,FW,Leverkusen,de Bundesliga,29-304,1996.0,9,8,622,6.9,5,2,7,3,2,2,0,0,4.4,2.8,0.7,3.6,2,9,23,0.72,0.29,1.01,0.43,0.72,0.64,0.11,0.75,0.41,0.52,Matches,patrik schick,27000000.0,29.0
1927,Nico Schlotterbeck,de GER,DF,Dortmund,de Bundesliga,25-358,1999.0,7,7,630,7.0,0,1,1,0,0,0,1,0,0.2,0.2,0.6,0.8,9,44,3,0.0,0.14,0.14,0.0,0.14,0.03,0.09,0.12,0.03,0.12,Matches,nico schlotterbeck,40000000.0,25.0
1934,Alex Scott,eng ENG,MF,Bournemouth,eng Premier League,22-095,2003.0,12,11,773,8.6,1,0,1,1,0,0,1,0,0.6,0.6,0.5,1.1,18,25,23,0.12,0.0,0.12,0.12,0.12,0.07,0.06,0.13,0.07,0.13,Matches,alex scott,25000000.0,22.0
1942,Antoine Semenyo,gh GHA,"FW,MF",Bournemouth,eng Premier League,25-321,2000.0,11,11,989,11.0,6,3,9,5,1,2,2,0,4.6,3.0,0.5,3.5,35,39,62,0.55,0.27,0.82,0.46,0.73,0.42,0.05,0.46,0.28,0.32,Matches,antoine semenyo,55000000.0,25.0
1948,Benjamin Šeško,si SVN,FW,Manchester Utd,eng Premier League,22-177,2003.0,11,6,621,6.9,2,1,3,2,0,0,1,0,2.1,2.1,0.3,2.4,4,10,25,0.29,0.14,0.43,0.29,0.43,0.3,0.05,0.35,0.3,0.35,Matches,benjamin sesko,70000000.0,22.0
1959,Bernardo Silva,pt POR,MF,Manchester City,eng Premier League,31-106,1994.0,12,8,720,8.0,0,2,2,0,0,0,3,0,0.1,0.1,2.0,2.1,12,32,32,0.0,0.25,0.25,0.0,0.25,0.01,0.25,0.26,0.01,0.26,Matches,bernardo silva,32000000.0,31.0
1961,Fábio Silva,pt POR,"FW,MF",Dortmund,de Bundesliga,23-128,2002.0,5,0,34,0.4,0,1,1,0,0,0,0,0,0.1,0.1,0.3,0.4,1,3,10,0.0,2.65,2.65,0.0,2.65,0.25,0.84,1.09,0.25,1.09,Matches,fabio silva,28000000.0,23.0
1966,Giuliano Simeone,ar ARG,"MF,FW",Atlético Madrid,es La Liga,22-341,2002.0,12,10,893,9.9,2,4,6,2,0,0,1,0,2.6,2.6,2.6,5.2,34,26,99,0.2,0.4,0.6,0.2,0.6,0.26,0.27,0.53,0.26,0.53,Matches,giuliano simeone,35000000.0,22.0
1968,Unai Simón,es ESP,GK,Athletic Club,es La Liga,28-166,1997.0,13,13,1170,13.0,0,0,0,0,0,0,0,0,0.0,0.0,0.0,0.0,0,0,0,0.0,0.0,0.0,0.0,0.0,0.0,0.0,0.0,0.0,0.0,Matches,unai simon,28000000.0,28.0
1969,Xavi Simons,nl NED,"MF,FW",Tottenham,eng Premier League,22-217,2003.0,9,6,577,6.4,0,1,1,0,0,0,2,0,0.4,0.4,0.6,1.0,26,42,28,0.0,0.16,0.16,0.0,0.16,0.06,0.09,0.15,0.06,0.15,Matches,xavi simons,70000000.0,22.0
1983,Emile Smith Rowe,eng ENG,MF,Fulham,eng Premier League,25-119,2000.0,12,1,253,2.8,1,0,1,1,0,0,0,0,1.2,1.2,0.2,1.3,8,14,17,0.36,0.0,0.36,0.36,0.36,0.41,0.06,0.47,0.41,0.47,Matches,emile smith rowe,28000000.0,25.0
1987,Dominic Solanke,eng ENG,FW,Tottenham,eng Premier League,28-071,1997.0,2,0,33,0.4,0,0,0,0,0,0,0,0,0.2,0.2,0.0,0.2,0,0,2,0.0,0.0,0.0,0.0,0.0,0.57,0.0,0.57,0.57,0.57,Matches,dominic solanke,40000000.0,28.0
2001,Matìas Soulé,ar ARG,"MF,FW",Roma,it Serie A,22-223,2003.0,12,11,868,9.6,4,2,6,4,0,0,0,0,1.9,1.9,1.5,3.4,42,45,79,0.41,0.21,0.62,0.41,0.62,0.19,0.16,0.35,0.19,0.35,Matches,matias soule,35000000.0,22.0
2007,Djed Spence,eng ENG,DF,Tottenham,eng Premier League,25-107,2000.0,11,10,835,9.3,0,0,0,0,0,0,2,0,0.2,0.2,0.1,0.2,30,34,39,0.0,0.0,0.0,0.0,0.0,0.02,0.01,0.03,0.02,0.03,Matches,djed spence,30000000.0,25.0
2014,Josip Stanišić,hr CRO,DF,Bayern Munich,de Bundesliga,25-236,2000.0,6,5,457,5.1,0,1,1,0,0,0,1,0,0.1,0.1,0.1,0.2,9,24,22,0.0,0.2,0.2,0.0,0.2,0.02,0.02,0.04,0.02,0.04,Matches,josip stanisic,32000000.0,25.0
2020,Angelo Stiller,de GER,MF,Stuttgart,de Bundesliga,24-234,2001.0,11,9,866,9.6,1,3,4,1,0,1,0,0,1.7,0.9,1.9,2.8,21,80,22,0.1,0.31,0.42,0.1,0.42,0.17,0.2,0.37,0.09,0.29,Matches,angelo stiller,45000000.0,24.0
2023,Jørgen Strand Larsen,no NOR,FW,Wolves,eng Premier League,25-291,2000.0,10,9,797,8.9,1,0,1,0,1,1,0,0,1.6,0.8,0.4,1.2,4,7,32,0.11,0.0,0.11,0.0,0.0,0.18,0.05,0.23,0.09,0.14,Matches,jorgen strand larsen,40000000.0,25.0
2040,Daniel Svensson,se SWE,"DF,MF",Dortmund,de Bundesliga,23-285,2002.0,11,9,851,9.5,1,0,1,1,0,0,0,0,0.7,0.7,1.0,1.7,18,33,67,0.11,0.0,0.11,0.11,0.11,0.07,0.11,0.18,0.07,0.18,Matches,daniel svensson,22000000.0,23.0
2041,Mile Svilar,rs SRB,GK,Roma,it Serie A,26-089,1999.0,12,12,1080,12.0,0,0,0,0,0,0,0,0,0.0,0.0,0.0,0.0,0,0,0,0.0,0.0,0.0,0.0,0.0,0.0,0.0,0.0,0.0,0.0,Matches,mile svilar,25000000.0,26.0
2046,Dominik Szoboszlai,hu HUN,"MF,DF",Liverpool,eng Premier League,25-030,2000.0,12,12,1080,12.0,1,1,2,1,0,0,4,0,1.4,1.4,1.8,3.2,35,104,52,0.08,0.08,0.17,0.08,0.17,0.12,0.15,0.27,0.12,0.27,Matches,dominik szoboszlai,85000000.0,25.0
2047,Alexander Sørloth,no NOR,FW,Atlético Madrid,es La Liga,29-354,1995.0,12,5,523,5.8,2,0,2,2,0,0,2,1,1.8,1.8,0.4,2.2,12,5,37,0.34,0.0,0.34,0.34,0.34,0.32,0.07,0.39,0.32,0.39,Matches,alexander sorloth,25000000.0,29.0
2051,Jonathan Tah,de GER,DF,Bayern Munich,de Bundesliga,29-286,1996.0,10,10,877,9.7,1,0,1,1,0,0,1,0,0.2,0.2,0.1,0.3,5,39,1,0.1,0.0,0.1,0.1,0.1,0.02,0.01,0.03,0.02,0.03,Matches,jonathan tah,30000000.0,29.0
2057,Edmond Tapsoba,bf BFA,DF,Leverkusen,de Bundesliga,26-295,1999.0,11,11,955,10.6,3,2,5,3,0,0,1,0,0.9,0.9,0.4,1.2,4,40,5,0.28,0.19,0.47,0.28,0.47,0.08,0.04,0.12,0.08,0.12,Matches,edmond tapsoba,35000000.0,26.0
2065,Aurélien Tchouaméni,fr FRA,MF,Real Madrid,es La Liga,25-301,2000.0,11,10,874,9.7,0,0,0,0,0,0,4,0,1.1,1.1,0.5,1.6,10,57,9,0.0,0.0,0.0,0.0,0.0,0.11,0.05,0.16,0.11,0.16,Matches,aurelien tchouameni,75000000.0,25.0
2066,Mathys Tel,fr FRA,FW,Tottenham,eng Premier League,20-211,2005.0,8,3,251,2.8,2,0,2,2,0,0,0,0,0.5,0.5,0.0,0.5,4,3,14,0.72,0.0,0.72,0.72,0.72,0.18,0.0,0.18,0.18,0.18,Matches,mathys tel,35000000.0,20.0
2078,Arthur Theate,be BEL,DF,Eint Frankfurt,de Bundesliga,25-183,2000.0,11,11,990,11.0,1,0,1,1,0,0,3,0,0.1,0.1,0.2,0.3,21,96,10,0.09,0.0,0.09,0.09,0.09,0.01,0.02,0.03,0.01,0.03,Matches,arthur theate,24000000.0,25.0
2080,Malick Thiaw,de GER,DF,Newcastle Utd,eng Premier League,24-108,2001.0,9,8,723,8.0,0,0,0,0,0,0,1,0,0.7,0.7,0.3,1.0,10,39,11,0.0,0.0,0.0,0.0,0.0,0.09,0.03,0.12,0.09,0.12,Matches,malick thiaw,30000000.0,24.0
2085,Khéphren Thuram,fr FRA,MF,Juventus,it Serie A,24-243,2001.0,11,9,753,8.4,1,1,2,1,0,0,0,0,0.9,0.9,0.4,1.2,22,35,15,0.12,0.12,0.24,0.12,0.24,0.1,0.05,0.15,0.1,0.15,Matches,khephren thuram,40000000.0,24.0
2086,Marcus Thuram,fr FRA,FW,Inter,it Serie A,28-110,1997.0,7,6,482,5.4,3,1,4,3,0,0,0,0,2.4,2.4,1.4,3.9,20,9,54,0.56,0.19,0.75,0.56,0.75,0.45,0.27,0.72,0.45,0.72,Matches,marcus thuram,75000000.0,28.0
2088,Youri Tielemans,be BEL,MF,Aston Villa,eng Premier League,28-201,1997.0,6,5,418,4.6,0,1,1,0,0,0,0,0,0.2,0.2,0.9,1.1,9,30,10,0.0,0.22,0.22,0.0,0.22,0.05,0.18,0.23,0.05,0.23,Matches,youri tielemans,38000000.0,28.0
2090,Malik Tillman,us USA,MF,Leverkusen,de Bundesliga,23-180,2002.0,7,6,483,5.4,3,1,4,3,0,0,0,0,1.3,1.3,0.6,1.9,14,12,25,0.56,0.19,0.75,0.56,0.75,0.25,0.11,0.36,0.25,0.36,Matches,malik tillman,35000000.0,23.0
2091,Jurriën Timber,nl NED,DF,Arsenal,eng Premier League,24-160,2001.0,12,11,972,10.8,2,2,4,2,0,0,2,0,2.5,2.5,0.6,3.1,18,63,53,0.19,0.19,0.37,0.19,0.37,0.23,0.06,0.29,0.23,0.29,Matches,jurrien timber,60000000.0,24.0
2092,Jean-Clair Todibo,fr FRA,DF,West Ham,eng Premier League,25-329,1999.0,7,7,576,6.4,0,1,1,0,0,0,2,0,0.0,0.0,0.1,0.1,5,19,1,0.0,0.16,0.16,0.0,0.16,0.0,0.02,0.02,0.0,0.02,Matches,jeanclair todibo,25000000.0,25.0
2098,Sandro Tonali,it ITA,MF,Newcastle Utd,eng Premier League,25-200,2000.0,12,11,960,10.7,0,1,1,0,0,0,0,0,0.4,0.4,1.8,2.2,20,83,23,0.0,0.09,0.09,0.0,0.09,0.04,0.17,0.21,0.04,0.21,Matches,sandro tonali,75000000.0,25.0
2102,Ferrán Torres,es ESP,FW,Barcelona,es La Liga,25-268,2000.0,12,10,785,8.7,7,1,8,7,0,0,2,0,6.1,6.1,1.2,7.3,7,13,60,0.8,0.11,0.92,0.8,0.92,0.7,0.14,0.84,0.7,0.84,Matches,ferran torres,50000000.0,25.0
2103,Pau Torres,es ESP,DF,Aston Villa,eng Premier League,28-312,1997.0,9,7,689,7.7,0,0,0,0,0,0,0,0,0.1,0.1,0.0,0.1,7,28,3,0.0,0.0,0.0,0.0,0.0,0.01,0.0,0.01,0.01,0.01,Matches,pau torres,30000000.0,28.0
2112,James Trafford,eng ENG,GK,Manchester City,eng Premier League,23-045,2002.0,3,3,270,3.0,0,0,0,0,0,0,0,0,0.0,0.0,0.0,0.0,0,0,0,0.0,0.0,0.0,0.0,0.0,0.0,0.0,0.0,0.0,0.0,Matches,james trafford,30000000.0,23.0
2133,Stefanos Tzimas,gr GRE,"MF,FW",Brighton,eng Premier League,19-322,2006.0,7,0,90,1.0,0,1,1,0,0,0,0,0,0.4,0.4,0.5,0.8,1,1,7,0.0,1.0,1.0,0.0,1.0,0.37,0.46,0.83,0.37,0.83,Matches,stefanos tzimas,22000000.0,19.0
2136,Destiny Udogie,it ITA,DF,Tottenham,eng Premier League,22-361,2002.0,8,4,435,4.8,0,1,1,0,0,0,0,0,0.0,0.0,0.3,0.4,18,29,36,0.0,0.21,0.21,0.0,0.21,0.0,0.07,0.08,0.0,0.08,Matches,destiny udogie,40000000.0,22.0
2138,Manuel Ugarte,uy URU,MF,Manchester Utd,eng Premier League,24-227,2001.0,9,2,304,3.4,0,0,0,0,0,0,0,0,0.0,0.0,0.0,0.1,4,20,3,0.0,0.0,0.0,0.0,0.0,0.01,0.01,0.02,0.01,0.02,Matches,manuel ugarte,35000000.0,24.0
2139,Lesley Ugochukwu,fr FRA,MF,Burnley,eng Premier League,21-243,2004.0,11,8,661,7.3,2,0,2,2,0,0,2,1,0.9,0.9,0.0,1.0,10,17,16,0.27,0.0,0.27,0.27,0.27,0.13,0.0,0.13,0.13,0.13,Matches,lesley ugochukwu,22000000.0,21.0
2144,Dayot Upamecano,fr FRA,DF,Bayern Munich,de Bundesliga,27-028,1998.0,10,9,728,8.1,1,0,1,1,0,0,2,0,0.9,0.9,0.2,1.1,5,48,0,0.12,0.0,0.12,0.12,0.12,0.11,0.02,0.13,0.11,0.13,Matches,dayot upamecano,60000000.0,27.0
2147,Can Uzun,tr TUR,MF,Eint Frankfurt,de Bundesliga,20-013,2005.0,9,9,586,6.5,5,3,8,5,0,0,2,0,1.7,1.7,1.8,3.4,9,43,39,0.77,0.46,1.23,0.77,1.23,0.25,0.27,0.53,0.25,0.53,Matches,can uzun,45000000.0,20.0
2157,Federico Valverde,uy URU,"MF,DF",Real Madrid,es La Liga,27-125,1998.0,13,11,1022,11.4,0,4,4,0,0,0,1,0,1.0,1.0,1.4,2.3,17,72,37,0.0,0.35,0.35,0.0,0.35,0.09,0.12,0.21,0.09,0.21,Matches,federico valverde,130000000.0,27.0
2159,Virgil van Dijk,nl NED,DF,Liverpool,eng Premier League,34-139,1991.0,12,12,1080,12.0,0,0,0,0,0,0,2,0,0.4,0.4,0.2,0.6,13,87,9,0.0,0.0,0.0,0.0,0.0,0.04,0.01,0.05,0.04,0.05,Matches,virgil van dijk,23000000.0,34.0
2176,Renato Veiga,pt POR,DF,Villarreal,es La Liga,22-118,2003.0,12,9,885,9.8,0,0,0,0,0,0,1,0,0.1,0.1,0.0,0.1,6,34,2,0.0,0.0,0.0,0.0,0.0,0.01,0.0,0.01,0.01,0.01,Matches,renato veiga,25000000.0,22.0
2178,Micky van de Ven,nl NED,DF,Tottenham,eng Premier League,24-219,2001.0,12,12,1069,11.9,3,0,3,3,0,0,2,0,1.6,1.6,0.1,1.7,5,32,2,0.25,0.0,0.25,0.25,0.25,0.13,0.01,0.14,0.13,0.14,Matches,micky van de ven,55000000.0,24.0
2182,Bart Verbruggen,nl NED,GK,Brighton,eng Premier League,23-098,2002.0,12,12,1080,12.0,0,0,0,0,0,0,1,0,0.0,0.0,0.1,0.1,0,0,0,0.0,0.0,0.0,0.0,0.0,0.0,0.01,0.01,0.0,0.01,Matches,bart verbruggen,35000000.0,23.0
2185,Arthur Vermeeren,be BEL,MF,Marseille,fr Ligue 1,20-290,2005.0,7,4,362,4.0,0,1,1,0,0,0,0,0,0.0,0.0,0.1,0.2,6,23,7,0.0,0.25,0.25,0.0,0.25,0.01,0.03,0.04,0.01,0.04,Matches,arthur vermeeren,22000000.0,20.0
2188,Guglielmo Vicario,it ITA,GK,Tottenham,eng Premier League,29-048,1996.0,12,12,1080,12.0,0,0,0,0,0,0,0,0,0.0,0.0,0.0,0.0,0,0,0,0.0,0.0,0.0,0.0,0.0,0.0,0.0,0.0,0.0,0.0,Matches,guglielmo vicario,32000000.0,29.0
2197,Vitinha,pt POR,"FW,MF",Genoa,it Serie A,25-254,2000.0,11,7,537,6.0,1,0,1,1,0,0,2,0,0.8,0.8,0.9,1.7,13,9,38,0.17,0.0,0.17,0.17,0.17,0.14,0.15,0.29,0.14,0.29,Matches,vitinha,90000000.0,25.0
2201,Dušan Vlahović,rs SRB,FW,Juventus,it Serie A,25-300,2000.0,12,7,650,7.2,3,1,4,2,1,1,0,0,4.0,3.2,0.6,3.9,9,8,53,0.42,0.14,0.55,0.28,0.42,0.55,0.09,0.64,0.44,0.53,Matches,dusan vlahovic,35000000.0,25.0
2217,Aaron Wan-Bissaka,cd COD,"DF,MF",West Ham,eng Premier League,27-363,1997.0,8,7,651,7.2,0,0,0,0,0,0,1,0,0.0,0.0,0.3,0.3,13,21,34,0.0,0.0,0.0,0.0,0.0,0.0,0.04,0.04,0.0,0.04,Matches,aaron wanbissaka,24000000.0,27.0
2219,Ollie Watkins,eng ENG,FW,Aston Villa,eng Premier League,29-329,1995.0,12,11,933,10.4,1,0,1,1,0,0,0,0,2.6,2.6,0.5,3.1,19,13,68,0.1,0.0,0.1,0.1,0.1,0.25,0.05,0.3,0.25,0.3,Matches,ollie watkins,35000000.0,29.0
2226,Wesley,br BRA,DF,Roma,it Serie A,22-079,2003.0,11,11,927,10.3,2,0,2,2,0,0,3,0,1.1,1.1,1.8,3.0,26,31,90,0.19,0.0,0.19,0.19,0.19,0.11,0.18,0.29,0.11,0.29,Matches,wesley,25000000.0,22.0
2227,Adam Wharton,eng ENG,MF,Crystal Palace,eng Premier League,21-291,2004.0,10,10,784,8.7,0,1,1,0,0,0,1,0,0.3,0.3,2.3,2.6,9,51,10,0.0,0.11,0.11,0.0,0.11,0.04,0.27,0.3,0.04,0.3,Matches,adam wharton,60000000.0,21.0
2228,Ben White,eng ENG,DF,Arsenal,eng Premier League,28-047,1997.0,1,1,70,0.8,0,0,0,0,0,0,0,0,0.0,0.0,0.0,0.1,1,4,0,0.0,0.0,0.0,0.0,0.0,0.02,0.06,0.07,0.02,0.07,Matches,ben white,38000000.0,28.0
2230,Mats Wieffer,nl NED,DF,Brighton,eng Premier League,26-008,1999.0,10,8,731,8.1,0,2,2,0,0,0,3,0,0.2,0.2,1.7,1.9,17,46,26,0.0,0.25,0.25,0.0,0.25,0.02,0.2,0.23,0.02,0.23,Matches,mats wieffer,25000000.0,26.0
2232,Neco Williams,wls WAL,DF,Nott'ham Forest,eng Premier League,24-225,2001.0,12,12,1080,12.0,1,1,2,1,0,0,4,0,0.8,0.8,1.1,1.8,25,49,58,0.08,0.08,0.17,0.08,0.17,0.06,0.09,0.15,0.06,0.15,Matches,neco williams,24000000.0,24.0
2233,Nico Williams,es ESP,FW,Athletic Club,es La Liga,23-135,2002.0,9,6,590,6.6,2,1,3,1,1,1,0,0,2.0,1.2,1.3,2.5,30,19,65,0.31,0.15,0.46,0.15,0.31,0.3,0.19,0.5,0.18,0.38,Matches,nico williams,70000000.0,23.0
2241,Florian Wirtz,de GER,"MF,FW",Liverpool,eng Premier League,22-205,2003.0,11,7,689,7.7,0,0,0,0,0,0,1,0,1.3,1.3,1.1,2.4,21,48,53,0.0,0.0,0.0,0.0,0.0,0.17,0.15,0.32,0.17,0.32,Matches,florian wirtz,130000000.0,22.0
2244,Nick Woltemade,de GER,FW,Newcastle Utd,eng Premier League,23-283,2002.0,9,9,696,7.7,4,0,4,3,1,1,0,0,3.7,2.9,0.7,3.6,4,10,27,0.52,0.0,0.52,0.39,0.39,0.47,0.09,0.56,0.37,0.46,Matches,nick woltemade,65000000.0,23.0
2251,Lamine Yamal,es ESP,FW,Barcelona,es La Liga,18-134,2007.0,9,8,722,8.0,4,6,10,3,1,1,0,0,2.8,2.0,2.5,4.5,58,36,81,0.5,0.75,1.25,0.37,1.12,0.34,0.31,0.66,0.25,0.56,Matches,lamine yamal,200000000.0,18.0
2256,Kenan Yıldız,tr TUR,"MF,FW",Juventus,it Serie A,20-204,2005.0,11,10,910,10.1,2,3,5,1,1,1,0,0,2.4,1.6,2.4,4.0,47,38,75,0.2,0.3,0.49,0.1,0.4,0.24,0.23,0.47,0.16,0.39,Matches,kenan yildiz,75000000.0,20.0
2258,Leny Yoro,fr FRA,DF,Manchester Utd,eng Premier League,20-011,2005.0,11,7,642,7.1,0,0,0,0,0,0,0,0,0.3,0.3,0.0,0.3,6,27,3,0.0,0.0,0.0,0.0,0.0,0.04,0.0,0.04,0.04,0.04,Matches,leny yoro,55000000.0,20.0
2264,Warren Zaïre-Emery,fr FRA,"MF,DF",Paris S-G,fr Ligue 1,19-261,2006.0,13,11,988,11.0,1,1,2,1,0,0,0,0,0.4,0.4,2.0,2.5,39,88,47,0.09,0.09,0.18,0.09,0.18,0.04,0.19,0.23,0.04,0.23,Matches,warren zaireemery,50000000.0,19.0
2265,Denis Zakaria,ch SUI,MF,Monaco,fr Ligue 1,29-004,1996.0,6,5,437,4.9,0,1,1,0,0,0,2,1,0.0,0.0,1.2,1.2,7,21,4,0.0,0.21,0.21,0.0,0.21,0.0,0.25,0.25,0.0,0.25,Matches,denis zakaria,30000000.0,29.0
2282,Edon Zhegrova,xk KVX,MF,Juventus,it Serie A,26-238,1999.0,3,0,61,0.7,0,0,0,0,0,0,0,0,0.1,0.1,0.2,0.3,5,7,20,0.0,0.0,0.0,0.0,0.0,0.15,0.3,0.46,0.15,0.46,Matches,edon zhegrova,25000000.0,26.0
2286,Joshua Zirkzee,nl NED,"FW,MF",Manchester Utd,eng Premier League,24-186,2001.0,4,0,86,1.0,0,0,0,0,0,0,0,0,0.8,0.8,0.0,0.8,0,4,5,0.0,0.0,0.0,0.0,0.0,0.81,0.05,0.86,0.81,0.86,Matches,joshua zirkzee,28000000.0,24.0
2292,Martín Zubimendi,es ESP,MF,Arsenal,eng Premier League,26-295,1999.0,12,11,1027,11.4,2,1,3,2,0,0,2,0,0.6,0.6,0.9,1.5,13,68,10,0.18,0.09,0.26,0.18,0.26,0.05,0.08,0.13,0.05,0.13,Matches,martin zubimendi,70000000.0,26.0
2293,Martin Ødegaard,no NOR,MF,Arsenal,eng Premier League,26-342,1998.0,6,4,203,2.3,0,1,1,0,0,0,0,0,0.1,0.1,0.5,0.6,10,26,5,0.0,0.44,0.44,0.0,0.44,0.06,0.2,0.27,0.06,0.27,Matches,martin odegaard,80000000.0,26.0
